"path","original_sha256","packaged_sha256","transformation"
"experiments/build_deadline_figures.py","279848a424fb4bf5401f52c71abc91a79cc845400de8e8a93f8d1c717dd68f40","ae250269a3b3cdd5bc9ab6b7d4d651dcaf1f1af9e91d4c36ff62550039435c29","local_identifier_redaction_only"
"formal_recovery_evidence/review_method_ladder_n10_local_20260724c_retry17_20260724T163927256Z_e393119e/target_stdout.log","285479441528526d87804a60dbc2630ee9223a8d3d81997520f06b90f3dce712","674cef29e43edd177ac4bfba8ef690076695a83fadaca4ba13c18e8b420535be","local_identifier_redaction_only"
"results/review_method_ladder_n10_local_20260724c_retry17_20260724T163927256Z_e393119e/RECOVERY_OVERRIDE.json","0f32629e268a39fe7acd590423bbab5f6550b78ce1a15ef742eb688fd2e87293","f86267fb6cd8fad1571b3b23d51e1b7c9dca9ba95df2abc92c6ae0ed85324208","local_identifier_redaction_and_recovery_evidence_relocation"
"results/review_method_ladder_n10_local_20260724c_retry17_20260724T163927256Z_e393119e/FORMAL_PROVENANCE.json","f42602aba43fd0c6b3b4ba3c7a042a921a832dd5f35fbe6a3aea7d9bacf00529","561bd7bd5be17819ab71288330a03cfd85f103d00edcaee01bc82d6907396542","local_identifier_redaction_and_recovery_record_rebinding"
"formal_isolation_records/parallel_scaling_n10_local_20260724c/CLEAN_RUN.json","929e316e455a4e78fc137ffb3235819beea7016970c2abeeb250d99f9416de07","ea30cfe93fbb3f724cb21d18cca5760a3a06b783bf1601880efea8d55924d72d","local_identifier_redaction_only"
"formal_recovery_evidence/parallel_scaling_n10_local_20260724c/wrapper_failed_record.json","3d9b09e7441e3eab9e962c6732314fadc0af22ac4bdfe4282e617a89b29067a6","cc076a168a76ebe223e2455ba31d09d88589d56fb36ef085c74db270e43f4830","local_identifier_redaction_only"
"formal_recovery_evidence/parallel_scaling_n10_local_20260724c/target_stdout.log","7343186b0a2f090aee6c23bd5c920009161d74fb68795cfaf5fbc05e610b070f","8148d3a323a86d4c2d1f0c16a5b9e8b6c7954b0e8ca833fa1cb4503f64d45bd3","local_identifier_redaction_only"
"results/parallel_scaling_n10_local_20260724c/RECOVERY_OVERRIDE.json","550cb0e7ed9820beb149835d1e056e781a00f47cdf97e10fe70973a42e799283","00348f9075461a3b8fd1d6e31c6601975ff5e20540e79ef7bad9ebfa3ac9e7f3","local_identifier_redaction_and_recovery_evidence_relocation"
"results/parallel_scaling_n10_local_20260724c/FORMAL_PROVENANCE.json","2424af3df4a769c9ed6b071117a024016fcfafbed921f7fe8d8c98bde4c73a3e","0a45d285193ba38e1bd1a3019336c37193a46b04985c0d8a645dd2d8b2cffe36","local_identifier_redaction_and_recovery_record_rebinding"
"formal_isolation_records/deliberative_policy_n10_local_20260724c/CLEAN_RUN.json","8421d57d550f3dd9c227dcb1352cd913aaf7d92aea1d4a8c969bc74bc109412f","ec75a4ef8fd6ae19889a32ee433b018ff154f03a41b038114fb9735107ed6b5c","local_identifier_redaction_only"
"results/deliberative_policy_n10_local_20260724c/FORMAL_PROVENANCE.json","5c04e38c72e0d41304eefde6c244c56f32d4db36951d95e0c44e737bf8c5b774","29d6a62ce80d0b8c40a1862648f4c5f4ed928a09eea6743cc8b0ebac44b49a00","formal_clean_record_relocation_after_metadata_redaction"
"formal_isolation_records/scheduler_sensitivity_n10_local_20260724c_retry2_20260724T182652510Z_956ac959/CLEAN_RUN.json","669a24a95261ce47a9c8223e6a20c91e659429c7d1f9c032db1638623fb8592e","eb8318d6b1897772dd4536004a10c3410f1385ac14be84fb2f98eda2e294a20b","local_identifier_redaction_only"
"results/scheduler_sensitivity_n10_local_20260724c_retry2_20260724T182652510Z_956ac959/FORMAL_PROVENANCE.json","1455cdf685f41397085806978bcf017c7d24af0c966f78441c6242a2faf53e0b","318e4db5df121f6a15dbbe62cb7a5a65bbb77b21d45ad0b8f120a952581863f6","formal_clean_record_relocation_after_metadata_redaction"
"formal_isolation_records/cost_profile_full_24624_n10_local_20260724c/CLEAN_RUN.json","63f8b654410d277436f15a81da6f52d080285e4e275cb870ac9c70477e58bcc1","9a725acb3c182bbacf089ab5742f6fa9bddb1635eeb0312a23bc5a2995336f86","local_identifier_redaction_only"
"results/cost_profile_full_24624_n10_local_20260724c/FORMAL_PROVENANCE.json","b256bd73ff5b58530884a7723d82899d9b8635ad9fda371e601cb7238ff87556","fe66a153801717499d94adf495c185affce85f0024ab7fff6b2c9fa4d569f160","formal_clean_record_relocation_after_metadata_redaction"
"results/deadline_paper_distancefix_20260723_xeon/metadata.json","d99513da6bc1220929826ae0db352821d126d3f922d128791de03c7b9456cf86","6fa7d36209d60cf14b810c24ea823c3b852508af213a2999283dac2e673bfb91","local_identifier_redaction_only"
"results/deadline_paper_distancefix_20260723_xeon/summary.json","5a0a9260a53c49def44f5d79ca28f73319e3069816079fad49539a15115be09a","fb57b0843b6991d0b3c61ef0f96b540b4b4afbcf9ad3ef89cc4461e7310209db","local_identifier_redaction_only"
"results/deadline_paper_distancefix_20260723_xeon/SUMMARY.md","8b6dc276f730ad529b596f453ec76083054a0415ff85c23ba575ac6a033792ef","a35a7d085948dd9720dd7d19703433fba0f3d59aeaa73218120ccc5e6a4dfbf6","local_identifier_redaction_only"
"results/independent_trace_oracle_full_24624_distancefix_20260723_xeon/metadata.json","26cff5bdfb6ea8c36f7d25645365adb9804b8ef9083769ba05353635bd1097db","e3ceb1352cbe45e80e726c0dac5f93a50b6a35830a4ac71d9a808d900ff8d5f5","local_identifier_redaction_only"
"results/cache_key_ablation_full_24624_distancefix_20260723_xeon/plan.json","2b359b27d7c2f922673d9598caa9c1af6e78498fe2c4607ee5d48520ae2a575b","253337b3e2297da839c872bd8cdd74f4c6ebcad85f1a5ff772f689294c1e302d","local_identifier_redaction_only"
"results/cache_key_ablation_full_24624_distancefix_20260723_xeon/run_manifest.json","d1ff9bf5926b6fc33802a990860fda57feb226baec4fba446299c8a7b98af0df","0ed12d9527b1eb87ebdb2451f1d5f22d21acfa2092fb66b505223a0cd2c23ef7","local_identifier_redaction_and_internal_hash_reconciliation"
"results/agent_sensitivity_full_24624_distancefix_provenance_v2_20260723_xeon/summary.json","c6c79a36fde0ad89bad4cb1812c0d3c6e3072fd527c8f32a57553992954ec1a4","b6fb2a941751af669c813e60d57d4eda3523fdce7991621d2f23829fbe6813bb","local_identifier_redaction_only"
"results/grid_transfer_audit_full_20260724/manifest.json","00bb3c67b9ac3f27e4a77683e88f350e101017095d400665700f9e5a93abbcc6","3b1bccb5f854b49de38b0dca0700f64806321426a3917b0dbb8b44e6bca019f0","local_identifier_redaction_only"
"results/randomized_mutation_audit_seed20260724_128/manifest.json","43409a9b4572dbf592dc3a70f4616271757af3aa80c1dbfa46088819c04a3327","b65df0e1fbb496a1e2905b2368cf0fd29c7e207667de1144234b4aac1cbf25bd","local_identifier_redaction_only"
"results/enhanced_output_verification_distancefix_provenance_v3_20260723_xeon/verification_report.json","2b43dc03509a1a1ad2975b2194cf3d7edecfe9dffd17b814376a8e4c48fcf611","ca8a8d4c5fc8cf1050024def3025ab30e7f64b63840e84df7c024eb7a6ec1c89","local_identifier_redaction_only"
"results/verify_enhanced_frozen_source_20260724/verification_report.json","09a52f16a81924f64701b5b7e4bdc164825227330c20b1b22eb989846b84904a","c970d876d88e05ee3317f7b401ce5b4ac12bb3922b9a7018073d38776c1295f1","local_identifier_redaction_only"
"figures/figure1_method_final_20260725/FIGURE1_METHOD_QA.md","cc2596aa8877a337ff2e982a179cf24da757858b714e72a22da786a09b9ab1c0","7a5ffc442d4591ce1f0abee6a41629964cf45ed9b6c9d176002ba8d6d0d88bbc","local_identifier_redaction_only"
"figures/figure4_allview_evidence_ccfa_20260725_v1/fig4_allview_evidence_qa.json","ba767e447c7a2cc3403c9e336e2ec4026c7b632e5a0017552b4a0970092af8de","f27c86a8c3208d6c08b8f8d68401a4c71b5a6d1315349256c9832c53ddc1de3f","local_identifier_redaction_only"
