job_id,study,case,repeat,order_index,method,workers,kernel_count,kernel_selection,presentation_count,presentation_set,elapsed_s,worker_slot_s,peak_process_tree_rss_mb,digest,valid_kernels,candidates,frontier,suite_size,graph_builds,graph_states,graph_transitions,observation_calls,policy_calls,transition_calls,prefix_groups,completed_at
methods-k24624-p18-r0-flat-w1,method_ladder,24624k_18p,0,0,flat,1,24624,complete_grid,18,view_00_exact_exact_d0|view_01_exact_exact_d1|view_02_exact_coarse_d0|view_03_exact_coarse_d1|view_04_exact_hidden_d0|view_05_exact_hidden_d1|view_06_coarse_exact_d0|view_07_coarse_exact_d1|view_08_coarse_coarse_d0|view_09_coarse_coarse_d1|view_10_coarse_hidden_d0|view_11_coarse_hidden_d1|view_12_hidden_exact_d0|view_13_hidden_exact_d1|view_14_hidden_coarse_d0|view_15_hidden_coarse_d1|view_16_hidden_hidden_d0|view_17_hidden_hidden_d1,173.27708080000593,173.27708080000593,78.42578125,a171500c18441ecbe3f8e05125a928ca5b88d5b874ee80a16d3d8e88b67fa411,10544,189792,1,1,443232,15669990,17419104,3382177,3382177,3382177,0,2026-07-25T00:42:54.770514+08:00
methods-k24624-p18-r0-kernel_memo-w1,method_ladder,24624k_18p,0,1,kernel_memo,1,24624,complete_grid,18,view_00_exact_exact_d0|view_01_exact_exact_d1|view_02_exact_coarse_d0|view_03_exact_coarse_d1|view_04_exact_hidden_d0|view_05_exact_hidden_d1|view_06_coarse_exact_d0|view_07_coarse_exact_d1|view_08_coarse_coarse_d0|view_09_coarse_coarse_d1|view_10_coarse_hidden_d0|view_11_coarse_hidden_d1|view_12_hidden_exact_d0|view_13_hidden_exact_d1|view_14_hidden_coarse_d0|view_15_hidden_coarse_d1|view_16_hidden_hidden_d0|view_17_hidden_hidden_d1,65.79172690000269,65.79172690000269,88.87109375,a171500c18441ecbe3f8e05125a928ca5b88d5b874ee80a16d3d8e88b67fa411,10544,189792,1,1,24624,870555,967728,3382177,3382177,3382177,0,2026-07-25T00:44:00.948524+08:00
methods-k24624-p18-r0-factorized-w1,method_ladder,24624k_18p,0,2,factorized,1,24624,complete_grid,18,view_00_exact_exact_d0|view_01_exact_exact_d1|view_02_exact_coarse_d0|view_03_exact_coarse_d1|view_04_exact_hidden_d0|view_05_exact_hidden_d1|view_06_coarse_exact_d0|view_07_coarse_exact_d1|view_08_coarse_coarse_d0|view_09_coarse_coarse_d1|view_10_coarse_hidden_d0|view_11_coarse_hidden_d1|view_12_hidden_exact_d0|view_13_hidden_exact_d1|view_14_hidden_coarse_d0|view_15_hidden_coarse_d1|view_16_hidden_hidden_d0|view_17_hidden_hidden_d1,65.52705330000026,65.52705330000026,101.40625,a171500c18441ecbe3f8e05125a928ca5b88d5b874ee80a16d3d8e88b67fa411,10544,189792,1,1,24624,870555,967728,3382177,2288074,2288074,2288074,2026-07-25T00:45:06.861007+08:00
methods-k24624-p18-r0-flat_parallel-w8,method_ladder,24624k_18p,0,3,flat_parallel,8,24624,complete_grid,18,view_00_exact_exact_d0|view_01_exact_exact_d1|view_02_exact_coarse_d0|view_03_exact_coarse_d1|view_04_exact_hidden_d0|view_05_exact_hidden_d1|view_06_coarse_exact_d0|view_07_coarse_exact_d1|view_08_coarse_coarse_d0|view_09_coarse_coarse_d1|view_10_coarse_hidden_d0|view_11_coarse_hidden_d1|view_12_hidden_exact_d0|view_13_hidden_exact_d1|view_14_hidden_coarse_d0|view_15_hidden_coarse_d1|view_16_hidden_hidden_d0|view_17_hidden_hidden_d1,29.439635699993232,235.51708559994586,288.8125,a171500c18441ecbe3f8e05125a928ca5b88d5b874ee80a16d3d8e88b67fa411,10544,189792,1,1,443232,15669990,17419104,3382177,3382177,3382177,0,2026-07-25T00:45:36.766551+08:00
methods-k24624-p18-r0-kernel_memo_parallel-w8,method_ladder,24624k_18p,0,4,kernel_memo_parallel,8,24624,complete_grid,18,view_00_exact_exact_d0|view_01_exact_exact_d1|view_02_exact_coarse_d0|view_03_exact_coarse_d1|view_04_exact_hidden_d0|view_05_exact_hidden_d1|view_06_coarse_exact_d0|view_07_coarse_exact_d1|view_08_coarse_coarse_d0|view_09_coarse_coarse_d1|view_10_coarse_hidden_d0|view_11_coarse_hidden_d1|view_12_hidden_exact_d0|view_13_hidden_exact_d1|view_14_hidden_coarse_d0|view_15_hidden_coarse_d1|view_16_hidden_hidden_d0|view_17_hidden_hidden_d1,11.788640300001134,94.30912240000907,286.671875,a171500c18441ecbe3f8e05125a928ca5b88d5b874ee80a16d3d8e88b67fa411,10544,189792,1,1,24624,870555,967728,3382177,3382177,3382177,0,2026-07-25T00:45:48.948067+08:00
methods-k24624-p18-r0-factorized-w8,method_ladder,24624k_18p,0,5,factorized,8,24624,complete_grid,18,view_00_exact_exact_d0|view_01_exact_exact_d1|view_02_exact_coarse_d0|view_03_exact_coarse_d1|view_04_exact_hidden_d0|view_05_exact_hidden_d1|view_06_coarse_exact_d0|view_07_coarse_exact_d1|view_08_coarse_coarse_d0|view_09_coarse_coarse_d1|view_10_coarse_hidden_d0|view_11_coarse_hidden_d1|view_12_hidden_exact_d0|view_13_hidden_exact_d1|view_14_hidden_coarse_d0|view_15_hidden_coarse_d1|view_16_hidden_hidden_d0|view_17_hidden_hidden_d1,10.797442199997022,86.37953759997617,287.66015625,a171500c18441ecbe3f8e05125a928ca5b88d5b874ee80a16d3d8e88b67fa411,10544,189792,1,1,24624,870555,967728,3382177,2288074,2288074,2288074,2026-07-25T00:46:00.169239+08:00
methods-k24624-p18-r1-kernel_memo-w1,method_ladder,24624k_18p,1,0,kernel_memo,1,24624,complete_grid,18,view_00_exact_exact_d0|view_01_exact_exact_d1|view_02_exact_coarse_d0|view_03_exact_coarse_d1|view_04_exact_hidden_d0|view_05_exact_hidden_d1|view_06_coarse_exact_d0|view_07_coarse_exact_d1|view_08_coarse_coarse_d0|view_09_coarse_coarse_d1|view_10_coarse_hidden_d0|view_11_coarse_hidden_d1|view_12_hidden_exact_d0|view_13_hidden_exact_d1|view_14_hidden_coarse_d0|view_15_hidden_coarse_d1|view_16_hidden_hidden_d0|view_17_hidden_hidden_d1,66.59751880000113,66.59751880000113,91.26171875,a171500c18441ecbe3f8e05125a928ca5b88d5b874ee80a16d3d8e88b67fa411,10544,189792,1,1,24624,870555,967728,3382177,3382177,3382177,0,2026-07-25T00:47:07.154016+08:00
methods-k24624-p18-r1-factorized-w1,method_ladder,24624k_18p,1,1,factorized,1,24624,complete_grid,18,view_00_exact_exact_d0|view_01_exact_exact_d1|view_02_exact_coarse_d0|view_03_exact_coarse_d1|view_04_exact_hidden_d0|view_05_exact_hidden_d1|view_06_coarse_exact_d0|view_07_coarse_exact_d1|view_08_coarse_coarse_d0|view_09_coarse_coarse_d1|view_10_coarse_hidden_d0|view_11_coarse_hidden_d1|view_12_hidden_exact_d0|view_13_hidden_exact_d1|view_14_hidden_coarse_d0|view_15_hidden_coarse_d1|view_16_hidden_hidden_d0|view_17_hidden_hidden_d1,64.8323451000033,64.8323451000033,91.8046875,a171500c18441ecbe3f8e05125a928ca5b88d5b874ee80a16d3d8e88b67fa411,10544,189792,1,1,24624,870555,967728,3382177,2288074,2288074,2288074,2026-07-25T00:48:12.361812+08:00
methods-k24624-p18-r1-flat_parallel-w8,method_ladder,24624k_18p,1,2,flat_parallel,8,24624,complete_grid,18,view_00_exact_exact_d0|view_01_exact_exact_d1|view_02_exact_coarse_d0|view_03_exact_coarse_d1|view_04_exact_hidden_d0|view_05_exact_hidden_d1|view_06_coarse_exact_d0|view_07_coarse_exact_d1|view_08_coarse_coarse_d0|view_09_coarse_coarse_d1|view_10_coarse_hidden_d0|view_11_coarse_hidden_d1|view_12_hidden_exact_d0|view_13_hidden_exact_d1|view_14_hidden_coarse_d0|view_15_hidden_coarse_d1|view_16_hidden_hidden_d0|view_17_hidden_hidden_d1,27.799664699996356,222.39731759997085,289.24609375,a171500c18441ecbe3f8e05125a928ca5b88d5b874ee80a16d3d8e88b67fa411,10544,189792,1,1,443232,15669990,17419104,3382177,3382177,3382177,0,2026-07-25T00:48:40.549979+08:00
methods-k24624-p18-r1-kernel_memo_parallel-w8,method_ladder,24624k_18p,1,3,kernel_memo_parallel,8,24624,complete_grid,18,view_00_exact_exact_d0|view_01_exact_exact_d1|view_02_exact_coarse_d0|view_03_exact_coarse_d1|view_04_exact_hidden_d0|view_05_exact_hidden_d1|view_06_coarse_exact_d0|view_07_coarse_exact_d1|view_08_coarse_coarse_d0|view_09_coarse_coarse_d1|view_10_coarse_hidden_d0|view_11_coarse_hidden_d1|view_12_hidden_exact_d0|view_13_hidden_exact_d1|view_14_hidden_coarse_d0|view_15_hidden_coarse_d1|view_16_hidden_hidden_d0|view_17_hidden_hidden_d1,10.938975299999584,87.51180239999667,288.44921875,a171500c18441ecbe3f8e05125a928ca5b88d5b874ee80a16d3d8e88b67fa411,10544,189792,1,1,24624,870555,967728,3382177,3382177,3382177,0,2026-07-25T00:48:51.888596+08:00
methods-k24624-p18-r1-factorized-w8,method_ladder,24624k_18p,1,4,factorized,8,24624,complete_grid,18,view_00_exact_exact_d0|view_01_exact_exact_d1|view_02_exact_coarse_d0|view_03_exact_coarse_d1|view_04_exact_hidden_d0|view_05_exact_hidden_d1|view_06_coarse_exact_d0|view_07_coarse_exact_d1|view_08_coarse_coarse_d0|view_09_coarse_coarse_d1|view_10_coarse_hidden_d0|view_11_coarse_hidden_d1|view_12_hidden_exact_d0|view_13_hidden_exact_d1|view_14_hidden_coarse_d0|view_15_hidden_coarse_d1|view_16_hidden_hidden_d0|view_17_hidden_hidden_d1,10.839235000006738,86.7138800000539,289.078125,a171500c18441ecbe3f8e05125a928ca5b88d5b874ee80a16d3d8e88b67fa411,10544,189792,1,1,24624,870555,967728,3382177,2288074,2288074,2288074,2026-07-25T00:49:03.181794+08:00
methods-k24624-p18-r1-flat-w1,method_ladder,24624k_18p,1,5,flat,1,24624,complete_grid,18,view_00_exact_exact_d0|view_01_exact_exact_d1|view_02_exact_coarse_d0|view_03_exact_coarse_d1|view_04_exact_hidden_d0|view_05_exact_hidden_d1|view_06_coarse_exact_d0|view_07_coarse_exact_d1|view_08_coarse_coarse_d0|view_09_coarse_coarse_d1|view_10_coarse_hidden_d0|view_11_coarse_hidden_d1|view_12_hidden_exact_d0|view_13_hidden_exact_d1|view_14_hidden_coarse_d0|view_15_hidden_coarse_d1|view_16_hidden_hidden_d0|view_17_hidden_hidden_d1,174.22676579999097,174.22676579999097,92.8125,a171500c18441ecbe3f8e05125a928ca5b88d5b874ee80a16d3d8e88b67fa411,10544,189792,1,1,443232,15669990,17419104,3382177,3382177,3382177,0,2026-07-25T00:51:57.811313+08:00
methods-k24624-p18-r2-factorized-w1,method_ladder,24624k_18p,2,0,factorized,1,24624,complete_grid,18,view_00_exact_exact_d0|view_01_exact_exact_d1|view_02_exact_coarse_d0|view_03_exact_coarse_d1|view_04_exact_hidden_d0|view_05_exact_hidden_d1|view_06_coarse_exact_d0|view_07_coarse_exact_d1|view_08_coarse_coarse_d0|view_09_coarse_coarse_d1|view_10_coarse_hidden_d0|view_11_coarse_hidden_d1|view_12_hidden_exact_d0|view_13_hidden_exact_d1|view_14_hidden_coarse_d0|view_15_hidden_coarse_d1|view_16_hidden_hidden_d0|view_17_hidden_hidden_d1,64.57291819999227,64.57291819999227,102.34765625,a171500c18441ecbe3f8e05125a928ca5b88d5b874ee80a16d3d8e88b67fa411,10544,189792,1,1,24624,870555,967728,3382177,2288074,2288074,2288074,2026-07-25T00:53:02.770880+08:00
methods-k24624-p18-r2-flat_parallel-w8,method_ladder,24624k_18p,2,1,flat_parallel,8,24624,complete_grid,18,view_00_exact_exact_d0|view_01_exact_exact_d1|view_02_exact_coarse_d0|view_03_exact_coarse_d1|view_04_exact_hidden_d0|view_05_exact_hidden_d1|view_06_coarse_exact_d0|view_07_coarse_exact_d1|view_08_coarse_coarse_d0|view_09_coarse_coarse_d1|view_10_coarse_hidden_d0|view_11_coarse_hidden_d1|view_12_hidden_exact_d0|view_13_hidden_exact_d1|view_14_hidden_coarse_d0|view_15_hidden_coarse_d1|view_16_hidden_hidden_d0|view_17_hidden_hidden_d1,27.538847799994983,220.31078239995986,287.58203125,a171500c18441ecbe3f8e05125a928ca5b88d5b874ee80a16d3d8e88b67fa411,10544,189792,1,1,443232,15669990,17419104,3382177,3382177,3382177,0,2026-07-25T00:53:30.700095+08:00
methods-k24624-p18-r2-kernel_memo_parallel-w8,method_ladder,24624k_18p,2,2,kernel_memo_parallel,8,24624,complete_grid,18,view_00_exact_exact_d0|view_01_exact_exact_d1|view_02_exact_coarse_d0|view_03_exact_coarse_d1|view_04_exact_hidden_d0|view_05_exact_hidden_d1|view_06_coarse_exact_d0|view_07_coarse_exact_d1|view_08_coarse_coarse_d0|view_09_coarse_coarse_d1|view_10_coarse_hidden_d0|view_11_coarse_hidden_d1|view_12_hidden_exact_d0|view_13_hidden_exact_d1|view_14_hidden_coarse_d0|view_15_hidden_coarse_d1|view_16_hidden_hidden_d0|view_17_hidden_hidden_d1,10.986257500000647,87.89006000000518,289.55078125,a171500c18441ecbe3f8e05125a928ca5b88d5b874ee80a16d3d8e88b67fa411,10544,189792,1,1,24624,870555,967728,3382177,3382177,3382177,0,2026-07-25T00:53:42.104847+08:00
methods-k24624-p18-r2-factorized-w8,method_ladder,24624k_18p,2,3,factorized,8,24624,complete_grid,18,view_00_exact_exact_d0|view_01_exact_exact_d1|view_02_exact_coarse_d0|view_03_exact_coarse_d1|view_04_exact_hidden_d0|view_05_exact_hidden_d1|view_06_coarse_exact_d0|view_07_coarse_exact_d1|view_08_coarse_coarse_d0|view_09_coarse_coarse_d1|view_10_coarse_hidden_d0|view_11_coarse_hidden_d1|view_12_hidden_exact_d0|view_13_hidden_exact_d1|view_14_hidden_coarse_d0|view_15_hidden_coarse_d1|view_16_hidden_hidden_d0|view_17_hidden_hidden_d1,10.65264759999991,85.22118079999927,290.63671875,a171500c18441ecbe3f8e05125a928ca5b88d5b874ee80a16d3d8e88b67fa411,10544,189792,1,1,24624,870555,967728,3382177,2288074,2288074,2288074,2026-07-25T00:53:53.152550+08:00
methods-k24624-p18-r2-flat-w1,method_ladder,24624k_18p,2,4,flat,1,24624,complete_grid,18,view_00_exact_exact_d0|view_01_exact_exact_d1|view_02_exact_coarse_d0|view_03_exact_coarse_d1|view_04_exact_hidden_d0|view_05_exact_hidden_d1|view_06_coarse_exact_d0|view_07_coarse_exact_d1|view_08_coarse_coarse_d0|view_09_coarse_coarse_d1|view_10_coarse_hidden_d0|view_11_coarse_hidden_d1|view_12_hidden_exact_d0|view_13_hidden_exact_d1|view_14_hidden_coarse_d0|view_15_hidden_coarse_d1|view_16_hidden_hidden_d0|view_17_hidden_hidden_d1,170.80917759999284,170.80917759999284,92.9765625,a171500c18441ecbe3f8e05125a928ca5b88d5b874ee80a16d3d8e88b67fa411,10544,189792,1,1,443232,15669990,17419104,3382177,3382177,3382177,0,2026-07-25T00:56:44.379302+08:00
methods-k24624-p18-r2-kernel_memo-w1,method_ladder,24624k_18p,2,5,kernel_memo,1,24624,complete_grid,18,view_00_exact_exact_d0|view_01_exact_exact_d1|view_02_exact_coarse_d0|view_03_exact_coarse_d1|view_04_exact_hidden_d0|view_05_exact_hidden_d1|view_06_coarse_exact_d0|view_07_coarse_exact_d1|view_08_coarse_coarse_d0|view_09_coarse_coarse_d1|view_10_coarse_hidden_d0|view_11_coarse_hidden_d1|view_12_hidden_exact_d0|view_13_hidden_exact_d1|view_14_hidden_coarse_d0|view_15_hidden_coarse_d1|view_16_hidden_hidden_d0|view_17_hidden_hidden_d1,65.52548669998941,65.52548669998941,92.5078125,a171500c18441ecbe3f8e05125a928ca5b88d5b874ee80a16d3d8e88b67fa411,10544,189792,1,1,24624,870555,967728,3382177,3382177,3382177,0,2026-07-25T00:57:50.488799+08:00
methods-k24624-p18-r3-flat_parallel-w8,method_ladder,24624k_18p,3,0,flat_parallel,8,24624,complete_grid,18,view_00_exact_exact_d0|view_01_exact_exact_d1|view_02_exact_coarse_d0|view_03_exact_coarse_d1|view_04_exact_hidden_d0|view_05_exact_hidden_d1|view_06_coarse_exact_d0|view_07_coarse_exact_d1|view_08_coarse_coarse_d0|view_09_coarse_coarse_d1|view_10_coarse_hidden_d0|view_11_coarse_hidden_d1|view_12_hidden_exact_d0|view_13_hidden_exact_d1|view_14_hidden_coarse_d0|view_15_hidden_coarse_d1|view_16_hidden_hidden_d0|view_17_hidden_hidden_d1,28.386764100010623,227.094112800085,288.6484375,a171500c18441ecbe3f8e05125a928ca5b88d5b874ee80a16d3d8e88b67fa411,10544,189792,1,1,443232,15669990,17419104,3382177,3382177,3382177,0,2026-07-25T00:58:19.280163+08:00
methods-k24624-p18-r3-kernel_memo_parallel-w8,method_ladder,24624k_18p,3,1,kernel_memo_parallel,8,24624,complete_grid,18,view_00_exact_exact_d0|view_01_exact_exact_d1|view_02_exact_coarse_d0|view_03_exact_coarse_d1|view_04_exact_hidden_d0|view_05_exact_hidden_d1|view_06_coarse_exact_d0|view_07_coarse_exact_d1|view_08_coarse_coarse_d0|view_09_coarse_coarse_d1|view_10_coarse_hidden_d0|view_11_coarse_hidden_d1|view_12_hidden_exact_d0|view_13_hidden_exact_d1|view_14_hidden_coarse_d0|view_15_hidden_coarse_d1|view_16_hidden_hidden_d0|view_17_hidden_hidden_d1,10.690228799998295,85.52183039998636,289.2421875,a171500c18441ecbe3f8e05125a928ca5b88d5b874ee80a16d3d8e88b67fa411,10544,189792,1,1,24624,870555,967728,3382177,3382177,3382177,0,2026-07-25T00:58:30.363955+08:00
methods-k24624-p18-r3-factorized-w8,method_ladder,24624k_18p,3,2,factorized,8,24624,complete_grid,18,view_00_exact_exact_d0|view_01_exact_exact_d1|view_02_exact_coarse_d0|view_03_exact_coarse_d1|view_04_exact_hidden_d0|view_05_exact_hidden_d1|view_06_coarse_exact_d0|view_07_coarse_exact_d1|view_08_coarse_coarse_d0|view_09_coarse_coarse_d1|view_10_coarse_hidden_d0|view_11_coarse_hidden_d1|view_12_hidden_exact_d0|view_13_hidden_exact_d1|view_14_hidden_coarse_d0|view_15_hidden_coarse_d1|view_16_hidden_hidden_d0|view_17_hidden_hidden_d1,10.34985400000005,82.7988320000004,289.22265625,a171500c18441ecbe3f8e05125a928ca5b88d5b874ee80a16d3d8e88b67fa411,10544,189792,1,1,24624,870555,967728,3382177,2288074,2288074,2288074,2026-07-25T00:58:41.082736+08:00
methods-k24624-p18-r3-flat-w1,method_ladder,24624k_18p,3,3,flat,1,24624,complete_grid,18,view_00_exact_exact_d0|view_01_exact_exact_d1|view_02_exact_coarse_d0|view_03_exact_coarse_d1|view_04_exact_hidden_d0|view_05_exact_hidden_d1|view_06_coarse_exact_d0|view_07_coarse_exact_d1|view_08_coarse_coarse_d0|view_09_coarse_coarse_d1|view_10_coarse_hidden_d0|view_11_coarse_hidden_d1|view_12_hidden_exact_d0|view_13_hidden_exact_d1|view_14_hidden_coarse_d0|view_15_hidden_coarse_d1|view_16_hidden_hidden_d0|view_17_hidden_hidden_d1,170.2790101999999,170.2790101999999,93.9453125,a171500c18441ecbe3f8e05125a928ca5b88d5b874ee80a16d3d8e88b67fa411,10544,189792,1,1,443232,15669990,17419104,3382177,3382177,3382177,0,2026-07-25T01:01:31.738365+08:00
methods-k24624-p18-r3-kernel_memo-w1,method_ladder,24624k_18p,3,4,kernel_memo,1,24624,complete_grid,18,view_00_exact_exact_d0|view_01_exact_exact_d1|view_02_exact_coarse_d0|view_03_exact_coarse_d1|view_04_exact_hidden_d0|view_05_exact_hidden_d1|view_06_coarse_exact_d0|view_07_coarse_exact_d1|view_08_coarse_coarse_d0|view_09_coarse_coarse_d1|view_10_coarse_hidden_d0|view_11_coarse_hidden_d1|view_12_hidden_exact_d0|view_13_hidden_exact_d1|view_14_hidden_coarse_d0|view_15_hidden_coarse_d1|view_16_hidden_hidden_d0|view_17_hidden_hidden_d1,64.8444315000088,64.8444315000088,93.62890625,a171500c18441ecbe3f8e05125a928ca5b88d5b874ee80a16d3d8e88b67fa411,10544,189792,1,1,24624,870555,967728,3382177,3382177,3382177,0,2026-07-25T01:02:36.992780+08:00
methods-k24624-p18-r3-factorized-w1,method_ladder,24624k_18p,3,5,factorized,1,24624,complete_grid,18,view_00_exact_exact_d0|view_01_exact_exact_d1|view_02_exact_coarse_d0|view_03_exact_coarse_d1|view_04_exact_hidden_d0|view_05_exact_hidden_d1|view_06_coarse_exact_d0|view_07_coarse_exact_d1|view_08_coarse_coarse_d0|view_09_coarse_coarse_d1|view_10_coarse_hidden_d0|view_11_coarse_hidden_d1|view_12_hidden_exact_d0|view_13_hidden_exact_d1|view_14_hidden_coarse_d0|view_15_hidden_coarse_d1|view_16_hidden_hidden_d0|view_17_hidden_hidden_d1,63.23194240000157,63.23194240000157,102.41015625,a171500c18441ecbe3f8e05125a928ca5b88d5b874ee80a16d3d8e88b67fa411,10544,189792,1,1,24624,870555,967728,3382177,2288074,2288074,2288074,2026-07-25T01:03:40.606846+08:00
methods-k24624-p18-r4-kernel_memo_parallel-w8,method_ladder,24624k_18p,4,0,kernel_memo_parallel,8,24624,complete_grid,18,view_00_exact_exact_d0|view_01_exact_exact_d1|view_02_exact_coarse_d0|view_03_exact_coarse_d1|view_04_exact_hidden_d0|view_05_exact_hidden_d1|view_06_coarse_exact_d0|view_07_coarse_exact_d1|view_08_coarse_coarse_d0|view_09_coarse_coarse_d1|view_10_coarse_hidden_d0|view_11_coarse_hidden_d1|view_12_hidden_exact_d0|view_13_hidden_exact_d1|view_14_hidden_coarse_d0|view_15_hidden_coarse_d1|view_16_hidden_hidden_d0|view_17_hidden_hidden_d1,10.66073580000375,85.28588640003,289.58203125,a171500c18441ecbe3f8e05125a928ca5b88d5b874ee80a16d3d8e88b67fa411,10544,189792,1,1,24624,870555,967728,3382177,3382177,3382177,0,2026-07-25T01:03:51.674754+08:00
methods-k24624-p18-r4-factorized-w8,method_ladder,24624k_18p,4,1,factorized,8,24624,complete_grid,18,view_00_exact_exact_d0|view_01_exact_exact_d1|view_02_exact_coarse_d0|view_03_exact_coarse_d1|view_04_exact_hidden_d0|view_05_exact_hidden_d1|view_06_coarse_exact_d0|view_07_coarse_exact_d1|view_08_coarse_coarse_d0|view_09_coarse_coarse_d1|view_10_coarse_hidden_d0|view_11_coarse_hidden_d1|view_12_hidden_exact_d0|view_13_hidden_exact_d1|view_14_hidden_coarse_d0|view_15_hidden_coarse_d1|view_16_hidden_hidden_d0|view_17_hidden_hidden_d1,10.351589600002626,82.81271680002101,291.53515625,a171500c18441ecbe3f8e05125a928ca5b88d5b874ee80a16d3d8e88b67fa411,10544,189792,1,1,24624,870555,967728,3382177,2288074,2288074,2288074,2026-07-25T01:04:02.423066+08:00
methods-k24624-p18-r4-flat-w1,method_ladder,24624k_18p,4,2,flat,1,24624,complete_grid,18,view_00_exact_exact_d0|view_01_exact_exact_d1|view_02_exact_coarse_d0|view_03_exact_coarse_d1|view_04_exact_hidden_d0|view_05_exact_hidden_d1|view_06_coarse_exact_d0|view_07_coarse_exact_d1|view_08_coarse_coarse_d0|view_09_coarse_coarse_d1|view_10_coarse_hidden_d0|view_11_coarse_hidden_d1|view_12_hidden_exact_d0|view_13_hidden_exact_d1|view_14_hidden_coarse_d0|view_15_hidden_coarse_d1|view_16_hidden_hidden_d0|view_17_hidden_hidden_d1,168.69074799999362,168.69074799999362,94.12890625,a171500c18441ecbe3f8e05125a928ca5b88d5b874ee80a16d3d8e88b67fa411,10544,189792,1,1,443232,15669990,17419104,3382177,3382177,3382177,0,2026-07-25T01:06:51.475124+08:00
methods-k24624-p18-r4-kernel_memo-w1,method_ladder,24624k_18p,4,3,kernel_memo,1,24624,complete_grid,18,view_00_exact_exact_d0|view_01_exact_exact_d1|view_02_exact_coarse_d0|view_03_exact_coarse_d1|view_04_exact_hidden_d0|view_05_exact_hidden_d1|view_06_coarse_exact_d0|view_07_coarse_exact_d1|view_08_coarse_coarse_d0|view_09_coarse_coarse_d1|view_10_coarse_hidden_d0|view_11_coarse_hidden_d1|view_12_hidden_exact_d0|view_13_hidden_exact_d1|view_14_hidden_coarse_d0|view_15_hidden_coarse_d1|view_16_hidden_hidden_d0|view_17_hidden_hidden_d1,64.89608169998974,64.89608169998974,93.25,a171500c18441ecbe3f8e05125a928ca5b88d5b874ee80a16d3d8e88b67fa411,10544,189792,1,1,24624,870555,967728,3382177,3382177,3382177,0,2026-07-25T01:07:56.758426+08:00
methods-k24624-p18-r4-factorized-w1,method_ladder,24624k_18p,4,4,factorized,1,24624,complete_grid,18,view_00_exact_exact_d0|view_01_exact_exact_d1|view_02_exact_coarse_d0|view_03_exact_coarse_d1|view_04_exact_hidden_d0|view_05_exact_hidden_d1|view_06_coarse_exact_d0|view_07_coarse_exact_d1|view_08_coarse_coarse_d0|view_09_coarse_coarse_d1|view_10_coarse_hidden_d0|view_11_coarse_hidden_d1|view_12_hidden_exact_d0|view_13_hidden_exact_d1|view_14_hidden_coarse_d0|view_15_hidden_coarse_d1|view_16_hidden_hidden_d0|view_17_hidden_hidden_d1,63.43156640000234,63.43156640000234,101.6484375,a171500c18441ecbe3f8e05125a928ca5b88d5b874ee80a16d3d8e88b67fa411,10544,189792,1,1,24624,870555,967728,3382177,2288074,2288074,2288074,2026-07-25T01:09:00.593448+08:00
methods-k24624-p18-r4-flat_parallel-w8,method_ladder,24624k_18p,4,5,flat_parallel,8,24624,complete_grid,18,view_00_exact_exact_d0|view_01_exact_exact_d1|view_02_exact_coarse_d0|view_03_exact_coarse_d1|view_04_exact_hidden_d0|view_05_exact_hidden_d1|view_06_coarse_exact_d0|view_07_coarse_exact_d1|view_08_coarse_coarse_d0|view_09_coarse_coarse_d1|view_10_coarse_hidden_d0|view_11_coarse_hidden_d1|view_12_hidden_exact_d0|view_13_hidden_exact_d1|view_14_hidden_coarse_d0|view_15_hidden_coarse_d1|view_16_hidden_hidden_d0|view_17_hidden_hidden_d1,27.83237229999213,222.65897839993704,288.5625,a171500c18441ecbe3f8e05125a928ca5b88d5b874ee80a16d3d8e88b67fa411,10544,189792,1,1,443232,15669990,17419104,3382177,3382177,3382177,0,2026-07-25T01:09:28.810847+08:00
methods-k24624-p18-r5-factorized-w8,method_ladder,24624k_18p,5,0,factorized,8,24624,complete_grid,18,view_00_exact_exact_d0|view_01_exact_exact_d1|view_02_exact_coarse_d0|view_03_exact_coarse_d1|view_04_exact_hidden_d0|view_05_exact_hidden_d1|view_06_coarse_exact_d0|view_07_coarse_exact_d1|view_08_coarse_coarse_d0|view_09_coarse_coarse_d1|view_10_coarse_hidden_d0|view_11_coarse_hidden_d1|view_12_hidden_exact_d0|view_13_hidden_exact_d1|view_14_hidden_coarse_d0|view_15_hidden_coarse_d1|view_16_hidden_hidden_d0|view_17_hidden_hidden_d1,10.481718399998499,83.85374719998799,291.48828125,a171500c18441ecbe3f8e05125a928ca5b88d5b874ee80a16d3d8e88b67fa411,10544,189792,1,1,24624,870555,967728,3382177,2288074,2288074,2288074,2026-07-25T01:09:39.678882+08:00
methods-k24624-p18-r5-flat-w1,method_ladder,24624k_18p,5,1,flat,1,24624,complete_grid,18,view_00_exact_exact_d0|view_01_exact_exact_d1|view_02_exact_coarse_d0|view_03_exact_coarse_d1|view_04_exact_hidden_d0|view_05_exact_hidden_d1|view_06_coarse_exact_d0|view_07_coarse_exact_d1|view_08_coarse_coarse_d0|view_09_coarse_coarse_d1|view_10_coarse_hidden_d0|view_11_coarse_hidden_d1|view_12_hidden_exact_d0|view_13_hidden_exact_d1|view_14_hidden_coarse_d0|view_15_hidden_coarse_d1|view_16_hidden_hidden_d0|view_17_hidden_hidden_d1,169.6296727000008,169.6296727000008,94.01171875,a171500c18441ecbe3f8e05125a928ca5b88d5b874ee80a16d3d8e88b67fa411,10544,189792,1,1,443232,15669990,17419104,3382177,3382177,3382177,0,2026-07-25T01:12:29.667280+08:00
methods-k24624-p18-r5-kernel_memo-w1,method_ladder,24624k_18p,5,2,kernel_memo,1,24624,complete_grid,18,view_00_exact_exact_d0|view_01_exact_exact_d1|view_02_exact_coarse_d0|view_03_exact_coarse_d1|view_04_exact_hidden_d0|view_05_exact_hidden_d1|view_06_coarse_exact_d0|view_07_coarse_exact_d1|view_08_coarse_coarse_d0|view_09_coarse_coarse_d1|view_10_coarse_hidden_d0|view_11_coarse_hidden_d1|view_12_hidden_exact_d0|view_13_hidden_exact_d1|view_14_hidden_coarse_d0|view_15_hidden_coarse_d1|view_16_hidden_hidden_d0|view_17_hidden_hidden_d1,65.24424379999982,65.24424379999982,93.359375,a171500c18441ecbe3f8e05125a928ca5b88d5b874ee80a16d3d8e88b67fa411,10544,189792,1,1,24624,870555,967728,3382177,3382177,3382177,0,2026-07-25T01:13:35.498652+08:00
methods-k24624-p18-r5-factorized-w1,method_ladder,24624k_18p,5,3,factorized,1,24624,complete_grid,18,view_00_exact_exact_d0|view_01_exact_exact_d1|view_02_exact_coarse_d0|view_03_exact_coarse_d1|view_04_exact_hidden_d0|view_05_exact_hidden_d1|view_06_coarse_exact_d0|view_07_coarse_exact_d1|view_08_coarse_coarse_d0|view_09_coarse_coarse_d1|view_10_coarse_hidden_d0|view_11_coarse_hidden_d1|view_12_hidden_exact_d0|view_13_hidden_exact_d1|view_14_hidden_coarse_d0|view_15_hidden_coarse_d1|view_16_hidden_hidden_d0|view_17_hidden_hidden_d1,62.77679760000319,62.77679760000319,103.64453125,a171500c18441ecbe3f8e05125a928ca5b88d5b874ee80a16d3d8e88b67fa411,10544,189792,1,1,24624,870555,967728,3382177,2288074,2288074,2288074,2026-07-25T01:14:38.667079+08:00
methods-k24624-p18-r5-flat_parallel-w8,method_ladder,24624k_18p,5,4,flat_parallel,8,24624,complete_grid,18,view_00_exact_exact_d0|view_01_exact_exact_d1|view_02_exact_coarse_d0|view_03_exact_coarse_d1|view_04_exact_hidden_d0|view_05_exact_hidden_d1|view_06_coarse_exact_d0|view_07_coarse_exact_d1|view_08_coarse_coarse_d0|view_09_coarse_coarse_d1|view_10_coarse_hidden_d0|view_11_coarse_hidden_d1|view_12_hidden_exact_d0|view_13_hidden_exact_d1|view_14_hidden_coarse_d0|view_15_hidden_coarse_d1|view_16_hidden_hidden_d0|view_17_hidden_hidden_d1,27.941588100002264,223.5327048000181,288.859375,a171500c18441ecbe3f8e05125a928ca5b88d5b874ee80a16d3d8e88b67fa411,10544,189792,1,1,443232,15669990,17419104,3382177,3382177,3382177,0,2026-07-25T01:15:07.005105+08:00
methods-k24624-p18-r5-kernel_memo_parallel-w8,method_ladder,24624k_18p,5,5,kernel_memo_parallel,8,24624,complete_grid,18,view_00_exact_exact_d0|view_01_exact_exact_d1|view_02_exact_coarse_d0|view_03_exact_coarse_d1|view_04_exact_hidden_d0|view_05_exact_hidden_d1|view_06_coarse_exact_d0|view_07_coarse_exact_d1|view_08_coarse_coarse_d0|view_09_coarse_coarse_d1|view_10_coarse_hidden_d0|view_11_coarse_hidden_d1|view_12_hidden_exact_d0|view_13_hidden_exact_d1|view_14_hidden_coarse_d0|view_15_hidden_coarse_d1|view_16_hidden_hidden_d0|view_17_hidden_hidden_d1,10.79749530000845,86.3799624000676,290.1640625,a171500c18441ecbe3f8e05125a928ca5b88d5b874ee80a16d3d8e88b67fa411,10544,189792,1,1,24624,870555,967728,3382177,3382177,3382177,0,2026-07-25T01:15:18.211732+08:00
methods-k24624-p18-r6-flat-w1,method_ladder,24624k_18p,6,0,flat,1,24624,complete_grid,18,view_00_exact_exact_d0|view_01_exact_exact_d1|view_02_exact_coarse_d0|view_03_exact_coarse_d1|view_04_exact_hidden_d0|view_05_exact_hidden_d1|view_06_coarse_exact_d0|view_07_coarse_exact_d1|view_08_coarse_coarse_d0|view_09_coarse_coarse_d1|view_10_coarse_hidden_d0|view_11_coarse_hidden_d1|view_12_hidden_exact_d0|view_13_hidden_exact_d1|view_14_hidden_coarse_d0|view_15_hidden_coarse_d1|view_16_hidden_hidden_d0|view_17_hidden_hidden_d1,168.40864210001018,168.40864210001018,94.73828125,a171500c18441ecbe3f8e05125a928ca5b88d5b874ee80a16d3d8e88b67fa411,10544,189792,1,1,443232,15669990,17419104,3382177,3382177,3382177,0,2026-07-25T01:18:07.006648+08:00
methods-k24624-p18-r6-kernel_memo-w1,method_ladder,24624k_18p,6,1,kernel_memo,1,24624,complete_grid,18,view_00_exact_exact_d0|view_01_exact_exact_d1|view_02_exact_coarse_d0|view_03_exact_coarse_d1|view_04_exact_hidden_d0|view_05_exact_hidden_d1|view_06_coarse_exact_d0|view_07_coarse_exact_d1|view_08_coarse_coarse_d0|view_09_coarse_coarse_d1|view_10_coarse_hidden_d0|view_11_coarse_hidden_d1|view_12_hidden_exact_d0|view_13_hidden_exact_d1|view_14_hidden_coarse_d0|view_15_hidden_coarse_d1|view_16_hidden_hidden_d0|view_17_hidden_hidden_d1,66.2358988999913,66.2358988999913,96.1171875,a171500c18441ecbe3f8e05125a928ca5b88d5b874ee80a16d3d8e88b67fa411,10544,189792,1,1,24624,870555,967728,3382177,3382177,3382177,0,2026-07-25T01:19:13.637755+08:00
methods-k24624-p18-r6-factorized-w1,method_ladder,24624k_18p,6,2,factorized,1,24624,complete_grid,18,view_00_exact_exact_d0|view_01_exact_exact_d1|view_02_exact_coarse_d0|view_03_exact_coarse_d1|view_04_exact_hidden_d0|view_05_exact_hidden_d1|view_06_coarse_exact_d0|view_07_coarse_exact_d1|view_08_coarse_coarse_d0|view_09_coarse_coarse_d1|view_10_coarse_hidden_d0|view_11_coarse_hidden_d1|view_12_hidden_exact_d0|view_13_hidden_exact_d1|view_14_hidden_coarse_d0|view_15_hidden_coarse_d1|view_16_hidden_hidden_d0|view_17_hidden_hidden_d1,64.14211610000348,64.14211610000348,103.359375,a171500c18441ecbe3f8e05125a928ca5b88d5b874ee80a16d3d8e88b67fa411,10544,189792,1,1,24624,870555,967728,3382177,2288074,2288074,2288074,2026-07-25T01:20:18.170409+08:00
methods-k24624-p18-r6-flat_parallel-w8,method_ladder,24624k_18p,6,3,flat_parallel,8,24624,complete_grid,18,view_00_exact_exact_d0|view_01_exact_exact_d1|view_02_exact_coarse_d0|view_03_exact_coarse_d1|view_04_exact_hidden_d0|view_05_exact_hidden_d1|view_06_coarse_exact_d0|view_07_coarse_exact_d1|view_08_coarse_coarse_d0|view_09_coarse_coarse_d1|view_10_coarse_hidden_d0|view_11_coarse_hidden_d1|view_12_hidden_exact_d0|view_13_hidden_exact_d1|view_14_hidden_coarse_d0|view_15_hidden_coarse_d1|view_16_hidden_hidden_d0|view_17_hidden_hidden_d1,27.508486599996104,220.06789279996883,291.88671875,a171500c18441ecbe3f8e05125a928ca5b88d5b874ee80a16d3d8e88b67fa411,10544,189792,1,1,443232,15669990,17419104,3382177,3382177,3382177,0,2026-07-25T01:20:46.066048+08:00
methods-k24624-p18-r6-kernel_memo_parallel-w8,method_ladder,24624k_18p,6,4,kernel_memo_parallel,8,24624,complete_grid,18,view_00_exact_exact_d0|view_01_exact_exact_d1|view_02_exact_coarse_d0|view_03_exact_coarse_d1|view_04_exact_hidden_d0|view_05_exact_hidden_d1|view_06_coarse_exact_d0|view_07_coarse_exact_d1|view_08_coarse_coarse_d0|view_09_coarse_coarse_d1|view_10_coarse_hidden_d0|view_11_coarse_hidden_d1|view_12_hidden_exact_d0|view_13_hidden_exact_d1|view_14_hidden_coarse_d0|view_15_hidden_coarse_d1|view_16_hidden_hidden_d0|view_17_hidden_hidden_d1,10.745683300003293,85.96546640002634,291.3203125,a171500c18441ecbe3f8e05125a928ca5b88d5b874ee80a16d3d8e88b67fa411,10544,189792,1,1,24624,870555,967728,3382177,3382177,3382177,0,2026-07-25T01:20:57.219953+08:00
methods-k24624-p18-r6-factorized-w8,method_ladder,24624k_18p,6,5,factorized,8,24624,complete_grid,18,view_00_exact_exact_d0|view_01_exact_exact_d1|view_02_exact_coarse_d0|view_03_exact_coarse_d1|view_04_exact_hidden_d0|view_05_exact_hidden_d1|view_06_coarse_exact_d0|view_07_coarse_exact_d1|view_08_coarse_coarse_d0|view_09_coarse_coarse_d1|view_10_coarse_hidden_d0|view_11_coarse_hidden_d1|view_12_hidden_exact_d0|view_13_hidden_exact_d1|view_14_hidden_coarse_d0|view_15_hidden_coarse_d1|view_16_hidden_hidden_d0|view_17_hidden_hidden_d1,10.35890350000409,82.87122800003272,289.61328125,a171500c18441ecbe3f8e05125a928ca5b88d5b874ee80a16d3d8e88b67fa411,10544,189792,1,1,24624,870555,967728,3382177,2288074,2288074,2288074,2026-07-25T01:21:07.995941+08:00
methods-k24624-p18-r7-kernel_memo-w1,method_ladder,24624k_18p,7,0,kernel_memo,1,24624,complete_grid,18,view_00_exact_exact_d0|view_01_exact_exact_d1|view_02_exact_coarse_d0|view_03_exact_coarse_d1|view_04_exact_hidden_d0|view_05_exact_hidden_d1|view_06_coarse_exact_d0|view_07_coarse_exact_d1|view_08_coarse_coarse_d0|view_09_coarse_coarse_d1|view_10_coarse_hidden_d0|view_11_coarse_hidden_d1|view_12_hidden_exact_d0|view_13_hidden_exact_d1|view_14_hidden_coarse_d0|view_15_hidden_coarse_d1|view_16_hidden_hidden_d0|view_17_hidden_hidden_d1,65.98016300000018,65.98016300000018,95.46484375,a171500c18441ecbe3f8e05125a928ca5b88d5b874ee80a16d3d8e88b67fa411,10544,189792,1,1,24624,870555,967728,3382177,3382177,3382177,0,2026-07-25T01:22:14.355095+08:00
methods-k24624-p18-r7-factorized-w1,method_ladder,24624k_18p,7,1,factorized,1,24624,complete_grid,18,view_00_exact_exact_d0|view_01_exact_exact_d1|view_02_exact_coarse_d0|view_03_exact_coarse_d1|view_04_exact_hidden_d0|view_05_exact_hidden_d1|view_06_coarse_exact_d0|view_07_coarse_exact_d1|view_08_coarse_coarse_d0|view_09_coarse_coarse_d1|view_10_coarse_hidden_d0|view_11_coarse_hidden_d1|view_12_hidden_exact_d0|view_13_hidden_exact_d1|view_14_hidden_coarse_d0|view_15_hidden_coarse_d1|view_16_hidden_hidden_d0|view_17_hidden_hidden_d1,64.26611830000184,64.26611830000184,104.59375,a171500c18441ecbe3f8e05125a928ca5b88d5b874ee80a16d3d8e88b67fa411,10544,189792,1,1,24624,870555,967728,3382177,2288074,2288074,2288074,2026-07-25T01:23:19.006719+08:00
methods-k24624-p18-r7-flat_parallel-w8,method_ladder,24624k_18p,7,2,flat_parallel,8,24624,complete_grid,18,view_00_exact_exact_d0|view_01_exact_exact_d1|view_02_exact_coarse_d0|view_03_exact_coarse_d1|view_04_exact_hidden_d0|view_05_exact_hidden_d1|view_06_coarse_exact_d0|view_07_coarse_exact_d1|view_08_coarse_coarse_d0|view_09_coarse_coarse_d1|view_10_coarse_hidden_d0|view_11_coarse_hidden_d1|view_12_hidden_exact_d0|view_13_hidden_exact_d1|view_14_hidden_coarse_d0|view_15_hidden_coarse_d1|view_16_hidden_hidden_d0|view_17_hidden_hidden_d1,27.339892999996664,218.7191439999733,293.11328125,a171500c18441ecbe3f8e05125a928ca5b88d5b874ee80a16d3d8e88b67fa411,10544,189792,1,1,443232,15669990,17419104,3382177,3382177,3382177,0,2026-07-25T01:23:46.722795+08:00
methods-k24624-p18-r7-kernel_memo_parallel-w8,method_ladder,24624k_18p,7,3,kernel_memo_parallel,8,24624,complete_grid,18,view_00_exact_exact_d0|view_01_exact_exact_d1|view_02_exact_coarse_d0|view_03_exact_coarse_d1|view_04_exact_hidden_d0|view_05_exact_hidden_d1|view_06_coarse_exact_d0|view_07_coarse_exact_d1|view_08_coarse_coarse_d0|view_09_coarse_coarse_d1|view_10_coarse_hidden_d0|view_11_coarse_hidden_d1|view_12_hidden_exact_d0|view_13_hidden_exact_d1|view_14_hidden_coarse_d0|view_15_hidden_coarse_d1|view_16_hidden_hidden_d0|view_17_hidden_hidden_d1,10.54987840000831,84.39902720006648,291.25390625,a171500c18441ecbe3f8e05125a928ca5b88d5b874ee80a16d3d8e88b67fa411,10544,189792,1,1,24624,870555,967728,3382177,3382177,3382177,0,2026-07-25T01:23:57.686315+08:00
methods-k24624-p18-r7-factorized-w8,method_ladder,24624k_18p,7,4,factorized,8,24624,complete_grid,18,view_00_exact_exact_d0|view_01_exact_exact_d1|view_02_exact_coarse_d0|view_03_exact_coarse_d1|view_04_exact_hidden_d0|view_05_exact_hidden_d1|view_06_coarse_exact_d0|view_07_coarse_exact_d1|view_08_coarse_coarse_d0|view_09_coarse_coarse_d1|view_10_coarse_hidden_d0|view_11_coarse_hidden_d1|view_12_hidden_exact_d0|view_13_hidden_exact_d1|view_14_hidden_coarse_d0|view_15_hidden_coarse_d1|view_16_hidden_hidden_d0|view_17_hidden_hidden_d1,10.308543599996483,82.46834879997186,291.140625,a171500c18441ecbe3f8e05125a928ca5b88d5b874ee80a16d3d8e88b67fa411,10544,189792,1,1,24624,870555,967728,3382177,2288074,2288074,2288074,2026-07-25T01:24:08.416783+08:00
methods-k24624-p18-r7-flat-w1,method_ladder,24624k_18p,7,5,flat,1,24624,complete_grid,18,view_00_exact_exact_d0|view_01_exact_exact_d1|view_02_exact_coarse_d0|view_03_exact_coarse_d1|view_04_exact_hidden_d0|view_05_exact_hidden_d1|view_06_coarse_exact_d0|view_07_coarse_exact_d1|view_08_coarse_coarse_d0|view_09_coarse_coarse_d1|view_10_coarse_hidden_d0|view_11_coarse_hidden_d1|view_12_hidden_exact_d0|view_13_hidden_exact_d1|view_14_hidden_coarse_d0|view_15_hidden_coarse_d1|view_16_hidden_hidden_d0|view_17_hidden_hidden_d1,168.73675609999918,168.73675609999918,96.90625,a171500c18441ecbe3f8e05125a928ca5b88d5b874ee80a16d3d8e88b67fa411,10544,189792,1,1,443232,15669990,17419104,3382177,3382177,3382177,0,2026-07-25T01:26:57.537078+08:00
methods-k24624-p18-r8-factorized-w1,method_ladder,24624k_18p,8,0,factorized,1,24624,complete_grid,18,view_00_exact_exact_d0|view_01_exact_exact_d1|view_02_exact_coarse_d0|view_03_exact_coarse_d1|view_04_exact_hidden_d0|view_05_exact_hidden_d1|view_06_coarse_exact_d0|view_07_coarse_exact_d1|view_08_coarse_coarse_d0|view_09_coarse_coarse_d1|view_10_coarse_hidden_d0|view_11_coarse_hidden_d1|view_12_hidden_exact_d0|view_13_hidden_exact_d1|view_14_hidden_coarse_d0|view_15_hidden_coarse_d1|view_16_hidden_hidden_d0|view_17_hidden_hidden_d1,63.44332170000416,63.44332170000416,94.55078125,a171500c18441ecbe3f8e05125a928ca5b88d5b874ee80a16d3d8e88b67fa411,10544,189792,1,1,24624,870555,967728,3382177,2288074,2288074,2288074,2026-07-25T01:28:01.571033+08:00
methods-k24624-p18-r8-flat_parallel-w8,method_ladder,24624k_18p,8,1,flat_parallel,8,24624,complete_grid,18,view_00_exact_exact_d0|view_01_exact_exact_d1|view_02_exact_coarse_d0|view_03_exact_coarse_d1|view_04_exact_hidden_d0|view_05_exact_hidden_d1|view_06_coarse_exact_d0|view_07_coarse_exact_d1|view_08_coarse_coarse_d0|view_09_coarse_coarse_d1|view_10_coarse_hidden_d0|view_11_coarse_hidden_d1|view_12_hidden_exact_d0|view_13_hidden_exact_d1|view_14_hidden_coarse_d0|view_15_hidden_coarse_d1|view_16_hidden_hidden_d0|view_17_hidden_hidden_d1,27.305877499995404,218.44701999996323,292.50390625,a171500c18441ecbe3f8e05125a928ca5b88d5b874ee80a16d3d8e88b67fa411,10544,189792,1,1,443232,15669990,17419104,3382177,3382177,3382177,0,2026-07-25T01:28:29.250701+08:00
methods-k24624-p18-r8-kernel_memo_parallel-w8,method_ladder,24624k_18p,8,2,kernel_memo_parallel,8,24624,complete_grid,18,view_00_exact_exact_d0|view_01_exact_exact_d1|view_02_exact_coarse_d0|view_03_exact_coarse_d1|view_04_exact_hidden_d0|view_05_exact_hidden_d1|view_06_coarse_exact_d0|view_07_coarse_exact_d1|view_08_coarse_coarse_d0|view_09_coarse_coarse_d1|view_10_coarse_hidden_d0|view_11_coarse_hidden_d1|view_12_hidden_exact_d0|view_13_hidden_exact_d1|view_14_hidden_coarse_d0|view_15_hidden_coarse_d1|view_16_hidden_hidden_d0|view_17_hidden_hidden_d1,10.582436800003052,84.65949440002441,290.8984375,a171500c18441ecbe3f8e05125a928ca5b88d5b874ee80a16d3d8e88b67fa411,10544,189792,1,1,24624,870555,967728,3382177,3382177,3382177,0,2026-07-25T01:28:40.216835+08:00
methods-k24624-p18-r8-factorized-w8,method_ladder,24624k_18p,8,3,factorized,8,24624,complete_grid,18,view_00_exact_exact_d0|view_01_exact_exact_d1|view_02_exact_coarse_d0|view_03_exact_coarse_d1|view_04_exact_hidden_d0|view_05_exact_hidden_d1|view_06_coarse_exact_d0|view_07_coarse_exact_d1|view_08_coarse_coarse_d0|view_09_coarse_coarse_d1|view_10_coarse_hidden_d0|view_11_coarse_hidden_d1|view_12_hidden_exact_d0|view_13_hidden_exact_d1|view_14_hidden_coarse_d0|view_15_hidden_coarse_d1|view_16_hidden_hidden_d0|view_17_hidden_hidden_d1,10.450853400005144,83.60682720004115,291.703125,a171500c18441ecbe3f8e05125a928ca5b88d5b874ee80a16d3d8e88b67fa411,10544,189792,1,1,24624,870555,967728,3382177,2288074,2288074,2288074,2026-07-25T01:28:51.080737+08:00
methods-k24624-p18-r8-flat-w1,method_ladder,24624k_18p,8,4,flat,1,24624,complete_grid,18,view_00_exact_exact_d0|view_01_exact_exact_d1|view_02_exact_coarse_d0|view_03_exact_coarse_d1|view_04_exact_hidden_d0|view_05_exact_hidden_d1|view_06_coarse_exact_d0|view_07_coarse_exact_d1|view_08_coarse_coarse_d0|view_09_coarse_coarse_d1|view_10_coarse_hidden_d0|view_11_coarse_hidden_d1|view_12_hidden_exact_d0|view_13_hidden_exact_d1|view_14_hidden_coarse_d0|view_15_hidden_coarse_d1|view_16_hidden_hidden_d0|view_17_hidden_hidden_d1,169.3265293000004,169.3265293000004,95.25390625,a171500c18441ecbe3f8e05125a928ca5b88d5b874ee80a16d3d8e88b67fa411,10544,189792,1,1,443232,15669990,17419104,3382177,3382177,3382177,0,2026-07-25T01:31:40.820770+08:00
methods-k24624-p18-r8-kernel_memo-w1,method_ladder,24624k_18p,8,5,kernel_memo,1,24624,complete_grid,18,view_00_exact_exact_d0|view_01_exact_exact_d1|view_02_exact_coarse_d0|view_03_exact_coarse_d1|view_04_exact_hidden_d0|view_05_exact_hidden_d1|view_06_coarse_exact_d0|view_07_coarse_exact_d1|view_08_coarse_coarse_d0|view_09_coarse_coarse_d1|view_10_coarse_hidden_d0|view_11_coarse_hidden_d1|view_12_hidden_exact_d0|view_13_hidden_exact_d1|view_14_hidden_coarse_d0|view_15_hidden_coarse_d1|view_16_hidden_hidden_d0|view_17_hidden_hidden_d1,64.3534423999954,64.3534423999954,96.609375,a171500c18441ecbe3f8e05125a928ca5b88d5b874ee80a16d3d8e88b67fa411,10544,189792,1,1,24624,870555,967728,3382177,3382177,3382177,0,2026-07-25T01:32:45.761502+08:00
methods-k24624-p18-r9-flat_parallel-w8,method_ladder,24624k_18p,9,0,flat_parallel,8,24624,complete_grid,18,view_00_exact_exact_d0|view_01_exact_exact_d1|view_02_exact_coarse_d0|view_03_exact_coarse_d1|view_04_exact_hidden_d0|view_05_exact_hidden_d1|view_06_coarse_exact_d0|view_07_coarse_exact_d1|view_08_coarse_coarse_d0|view_09_coarse_coarse_d1|view_10_coarse_hidden_d0|view_11_coarse_hidden_d1|view_12_hidden_exact_d0|view_13_hidden_exact_d1|view_14_hidden_coarse_d0|view_15_hidden_coarse_d1|view_16_hidden_hidden_d0|view_17_hidden_hidden_d1,27.520024299999932,220.16019439999945,292.03515625,a171500c18441ecbe3f8e05125a928ca5b88d5b874ee80a16d3d8e88b67fa411,10544,189792,1,1,443232,15669990,17419104,3382177,3382177,3382177,0,2026-07-25T01:33:13.674469+08:00
methods-k24624-p18-r9-kernel_memo_parallel-w8,method_ladder,24624k_18p,9,1,kernel_memo_parallel,8,24624,complete_grid,18,view_00_exact_exact_d0|view_01_exact_exact_d1|view_02_exact_coarse_d0|view_03_exact_coarse_d1|view_04_exact_hidden_d0|view_05_exact_hidden_d1|view_06_coarse_exact_d0|view_07_coarse_exact_d1|view_08_coarse_coarse_d0|view_09_coarse_coarse_d1|view_10_coarse_hidden_d0|view_11_coarse_hidden_d1|view_12_hidden_exact_d0|view_13_hidden_exact_d1|view_14_hidden_coarse_d0|view_15_hidden_coarse_d1|view_16_hidden_hidden_d0|view_17_hidden_hidden_d1,10.977605100008077,87.82084080006462,290.359375,a171500c18441ecbe3f8e05125a928ca5b88d5b874ee80a16d3d8e88b67fa411,10544,189792,1,1,24624,870555,967728,3382177,3382177,3382177,0,2026-07-25T01:33:25.062552+08:00
methods-k24624-p18-r9-factorized-w8,method_ladder,24624k_18p,9,2,factorized,8,24624,complete_grid,18,view_00_exact_exact_d0|view_01_exact_exact_d1|view_02_exact_coarse_d0|view_03_exact_coarse_d1|view_04_exact_hidden_d0|view_05_exact_hidden_d1|view_06_coarse_exact_d0|view_07_coarse_exact_d1|view_08_coarse_coarse_d0|view_09_coarse_coarse_d1|view_10_coarse_hidden_d0|view_11_coarse_hidden_d1|view_12_hidden_exact_d0|view_13_hidden_exact_d1|view_14_hidden_coarse_d0|view_15_hidden_coarse_d1|view_16_hidden_hidden_d0|view_17_hidden_hidden_d1,10.516411200005678,84.13128960004542,291.7421875,a171500c18441ecbe3f8e05125a928ca5b88d5b874ee80a16d3d8e88b67fa411,10544,189792,1,1,24624,870555,967728,3382177,2288074,2288074,2288074,2026-07-25T01:33:35.983240+08:00
methods-k24624-p18-r9-flat-w1,method_ladder,24624k_18p,9,3,flat,1,24624,complete_grid,18,view_00_exact_exact_d0|view_01_exact_exact_d1|view_02_exact_coarse_d0|view_03_exact_coarse_d1|view_04_exact_hidden_d0|view_05_exact_hidden_d1|view_06_coarse_exact_d0|view_07_coarse_exact_d1|view_08_coarse_coarse_d0|view_09_coarse_coarse_d1|view_10_coarse_hidden_d0|view_11_coarse_hidden_d1|view_12_hidden_exact_d0|view_13_hidden_exact_d1|view_14_hidden_coarse_d0|view_15_hidden_coarse_d1|view_16_hidden_hidden_d0|view_17_hidden_hidden_d1,170.53853459999664,170.53853459999664,96.80078125,a171500c18441ecbe3f8e05125a928ca5b88d5b874ee80a16d3d8e88b67fa411,10544,189792,1,1,443232,15669990,17419104,3382177,3382177,3382177,0,2026-07-25T01:36:26.906636+08:00
methods-k24624-p18-r9-kernel_memo-w1,method_ladder,24624k_18p,9,4,kernel_memo,1,24624,complete_grid,18,view_00_exact_exact_d0|view_01_exact_exact_d1|view_02_exact_coarse_d0|view_03_exact_coarse_d1|view_04_exact_hidden_d0|view_05_exact_hidden_d1|view_06_coarse_exact_d0|view_07_coarse_exact_d1|view_08_coarse_coarse_d0|view_09_coarse_coarse_d1|view_10_coarse_hidden_d0|view_11_coarse_hidden_d1|view_12_hidden_exact_d0|view_13_hidden_exact_d1|view_14_hidden_coarse_d0|view_15_hidden_coarse_d1|view_16_hidden_hidden_d0|view_17_hidden_hidden_d1,66.2446665000025,66.2446665000025,96.4921875,a171500c18441ecbe3f8e05125a928ca5b88d5b874ee80a16d3d8e88b67fa411,10544,189792,1,1,24624,870555,967728,3382177,3382177,3382177,0,2026-07-25T01:37:33.749797+08:00
methods-k24624-p18-r9-factorized-w1,method_ladder,24624k_18p,9,5,factorized,1,24624,complete_grid,18,view_00_exact_exact_d0|view_01_exact_exact_d1|view_02_exact_coarse_d0|view_03_exact_coarse_d1|view_04_exact_hidden_d0|view_05_exact_hidden_d1|view_06_coarse_exact_d0|view_07_coarse_exact_d1|view_08_coarse_coarse_d0|view_09_coarse_coarse_d1|view_10_coarse_hidden_d0|view_11_coarse_hidden_d1|view_12_hidden_exact_d0|view_13_hidden_exact_d1|view_14_hidden_coarse_d0|view_15_hidden_coarse_d1|view_16_hidden_hidden_d0|view_17_hidden_hidden_d1,64.98207280000497,64.98207280000497,105.0234375,a171500c18441ecbe3f8e05125a928ca5b88d5b874ee80a16d3d8e88b67fa411,10544,189792,1,1,24624,870555,967728,3382177,2288074,2288074,2288074,2026-07-25T01:38:39.141211+08:00
