job_id,depth,repeat,order_index,method,workers,population_kernels,sample_kernels,sampling,presentations,chunksize,elapsed_s,candidate_digest,trace_digest,valid_kernels,candidates,semantic_requests,policy_invocations,expanded_nodes,cache_hits,cache_hit_rate,peak_cache_entries,group_elapsed_p50_ms,group_elapsed_p95_ms,group_elapsed_max_ms,completed_at
depth-2-repeat-0-kernel_memo_p8-w8,2,0,0,kernel_memo_p8,8,24624,512,equidistant_grid_index,18,16,1.2014893999876222,04daf7fc034416ded3f204c6587b980ed625474c89f385c0ecc9e1bcc877cbe8,cc862531c507fb83513934bb03f7ec39e3313cb2a20963b8229a7d99065ea9c1,223,4014,75354,75354,763801,0,0.0,0,0.21270000434014946,38.79681999897002,77.70559999335092,2026-07-25T02:34:39.137902+08:00
depth-2-repeat-0-layerprobe_p8-w8,2,0,1,layerprobe_p8,8,24624,512,equidistant_grid_index,18,16,0.962953899987042,04daf7fc034416ded3f204c6587b980ed625474c89f385c0ecc9e1bcc877cbe8,cc862531c507fb83513934bb03f7ec39e3313cb2a20963b8229a7d99065ea9c1,223,4014,75354,50612,503141,24742,0.3283435517689837,183,0.22939999325899407,30.126484997890657,63.17979999585077,2026-07-25T02:34:39.137902+08:00
depth-0-repeat-0-kernel_memo_p8-w8,0,0,0,kernel_memo_p8,8,24624,512,equidistant_grid_index,18,16,0.6425627999997232,3ba5752f040bcbb1750ce88b6cad9918935a3c12ce41e1742cedc78c95334f96,b2e6335eda7898352901c0d9afe84b8a857c91f49a33c84f5c3a32c5ae99cf12,223,4014,71285,71285,0,0,0.0,0,0.26825000531971455,12.173229994368738,20.56819999415893,2026-07-25T02:34:40.439142+08:00
depth-0-repeat-0-layerprobe_p8-w8,0,0,1,layerprobe_p8,8,24624,512,equidistant_grid_index,18,16,0.6058532999886665,3ba5752f040bcbb1750ce88b6cad9918935a3c12ce41e1742cedc78c95334f96,b2e6335eda7898352901c0d9afe84b8a857c91f49a33c84f5c3a32c5ae99cf12,223,4014,71285,47674,0,23611,0.33121975170091883,190,0.22809999791206792,11.574325004039563,21.002399997087196,2026-07-25T02:34:40.439142+08:00
depth-4-repeat-0-kernel_memo_p8-w8,4,0,0,kernel_memo_p8,8,24624,512,equidistant_grid_index,18,16,2.386278799996944,de567e73a76fe924108d0ea01b5a6f915acb5f28fad5dd6c877682cfa1b379f3,04425edd96b5f3b256591bfe7be1e4c0a5ee2128e32a009a80f9a148edd75b92,223,4014,77502,77502,2166656,0,0.0,0,0.22699999681208283,105.98624999984168,227.58560000511352,2026-07-25T02:34:44.612406+08:00
depth-4-repeat-0-layerprobe_p8-w8,4,0,1,layerprobe_p8,8,24624,512,equidistant_grid_index,18,16,1.739201200005482,de567e73a76fe924108d0ea01b5a6f915acb5f28fad5dd6c877682cfa1b379f3,04425edd96b5f3b256591bfe7be1e4c0a5ee2128e32a009a80f9a148edd75b92,223,4014,77502,52794,1417442,24708,0.3188046760083611,184,0.24680000205989927,74.01349000429036,197.5356000039028,2026-07-25T02:34:44.612406+08:00
depth-6-repeat-0-kernel_memo_p8-w8,6,0,0,kernel_memo_p8,8,24624,512,equidistant_grid_index,18,16,5.0503027999948245,8db0c27d46d77c1fc3c70a6af164c487559a3447761ea0e0ba302f09593e8f18,a2d464f16d7606c807c21714296ba7d79c6e21a297910edb25d3c566c4a10457,223,4014,79085,79085,5220929,0,0.0,0,0.22080000780988485,263.53166000699275,679.2784999997821,2026-07-25T02:34:53.367339+08:00
depth-6-repeat-0-layerprobe_p8-w8,6,0,1,layerprobe_p8,8,24624,512,equidistant_grid_index,18,16,3.659368499997072,8db0c27d46d77c1fc3c70a6af164c487559a3447761ea0e0ba302f09593e8f18,a2d464f16d7606c807c21714296ba7d79c6e21a297910edb25d3c566c4a10457,223,4014,79085,54225,3349810,24860,0.3143453246506923,186,0.23260000307345763,184.44623499744915,632.4076000018977,2026-07-25T02:34:53.367339+08:00
depth-2-repeat-1-layerprobe_p8-w8,2,1,0,layerprobe_p8,8,24624,512,equidistant_grid_index,18,16,0.9762305000040215,04daf7fc034416ded3f204c6587b980ed625474c89f385c0ecc9e1bcc877cbe8,cc862531c507fb83513934bb03f7ec39e3313cb2a20963b8229a7d99065ea9c1,223,4014,75354,50612,503141,24742,0.3283435517689837,183,0.22044999786885455,29.66049000096973,58.32599999848753,2026-07-25T02:34:55.598313+08:00
depth-2-repeat-1-kernel_memo_p8-w8,2,1,1,kernel_memo_p8,8,24624,512,equidistant_grid_index,18,16,1.2240902000048663,04daf7fc034416ded3f204c6587b980ed625474c89f385c0ecc9e1bcc877cbe8,cc862531c507fb83513934bb03f7ec39e3313cb2a20963b8229a7d99065ea9c1,223,4014,75354,75354,763801,0,0.0,0,0.21785000717500225,38.90478999965126,73.29599998774938,2026-07-25T02:34:55.598313+08:00
depth-0-repeat-1-layerprobe_p8-w8,0,1,0,layerprobe_p8,8,24624,512,equidistant_grid_index,18,16,0.6282678999996278,3ba5752f040bcbb1750ce88b6cad9918935a3c12ce41e1742cedc78c95334f96,b2e6335eda7898352901c0d9afe84b8a857c91f49a33c84f5c3a32c5ae99cf12,223,4014,71285,47674,0,23611,0.33121975170091883,190,0.26804999652085826,11.67624500376405,24.37369999825023,2026-07-25T02:34:56.897154+08:00
depth-0-repeat-1-kernel_memo_p8-w8,0,1,1,kernel_memo_p8,8,24624,512,equidistant_grid_index,18,16,0.6090723999950569,3ba5752f040bcbb1750ce88b6cad9918935a3c12ce41e1742cedc78c95334f96,b2e6335eda7898352901c0d9afe84b8a857c91f49a33c84f5c3a32c5ae99cf12,223,4014,71285,71285,0,0,0.0,0,0.2135500035365112,11.072999997122675,20.180099993012846,2026-07-25T02:34:56.897154+08:00
depth-6-repeat-1-layerprobe_p8-w8,6,1,0,layerprobe_p8,8,24624,512,equidistant_grid_index,18,16,3.538414199996623,8db0c27d46d77c1fc3c70a6af164c487559a3447761ea0e0ba302f09593e8f18,a2d464f16d7606c807c21714296ba7d79c6e21a297910edb25d3c566c4a10457,223,4014,79085,54225,3349810,24860,0.3143453246506923,186,0.22200000239536166,184.24063500133337,610.2412000036566,2026-07-25T02:35:05.792329+08:00
depth-6-repeat-1-kernel_memo_p8-w8,6,1,1,kernel_memo_p8,8,24624,512,equidistant_grid_index,18,16,5.266884799988475,8db0c27d46d77c1fc3c70a6af164c487559a3447761ea0e0ba302f09593e8f18,a2d464f16d7606c807c21714296ba7d79c6e21a297910edb25d3c566c4a10457,223,4014,79085,79085,5220929,0,0.0,0,0.23399999918183312,270.845744998951,687.6444999943487,2026-07-25T02:35:05.792329+08:00
depth-4-repeat-1-layerprobe_p8-w8,4,1,0,layerprobe_p8,8,24624,512,equidistant_grid_index,18,16,1.7400011999998242,de567e73a76fe924108d0ea01b5a6f915acb5f28fad5dd6c877682cfa1b379f3,04425edd96b5f3b256591bfe7be1e4c0a5ee2128e32a009a80f9a148edd75b92,223,4014,77502,52794,1417442,24708,0.3188046760083611,184,0.222250004298985,79.4610349963477,192.80309999885503,2026-07-25T02:35:10.155959+08:00
depth-4-repeat-1-kernel_memo_p8-w8,4,1,1,kernel_memo_p8,8,24624,512,equidistant_grid_index,18,16,2.4996885000000475,de567e73a76fe924108d0ea01b5a6f915acb5f28fad5dd6c877682cfa1b379f3,04425edd96b5f3b256591bfe7be1e4c0a5ee2128e32a009a80f9a148edd75b92,223,4014,77502,77502,2166656,0,0.0,0,0.23659999715164304,112.17344000760927,245.1601000066148,2026-07-25T02:35:10.155959+08:00
depth-6-repeat-2-kernel_memo_p8-w8,6,2,0,kernel_memo_p8,8,24624,512,equidistant_grid_index,18,16,5.104825600006734,8db0c27d46d77c1fc3c70a6af164c487559a3447761ea0e0ba302f09593e8f18,a2d464f16d7606c807c21714296ba7d79c6e21a297910edb25d3c566c4a10457,223,4014,79085,79085,5220929,0,0.0,0,0.2390000008745119,265.75529000037926,695.1304000103846,2026-07-25T02:35:19.021747+08:00
depth-6-repeat-2-layerprobe_p8-w8,6,2,1,layerprobe_p8,8,24624,512,equidistant_grid_index,18,16,3.6089920999947935,8db0c27d46d77c1fc3c70a6af164c487559a3447761ea0e0ba302f09593e8f18,a2d464f16d7606c807c21714296ba7d79c6e21a297910edb25d3c566c4a10457,223,4014,79085,54225,3349810,24860,0.3143453246506923,186,0.2406999992672354,190.1613400012138,608.9441999938572,2026-07-25T02:35:19.021747+08:00
depth-4-repeat-2-kernel_memo_p8-w8,4,2,0,kernel_memo_p8,8,24624,512,equidistant_grid_index,18,16,2.4662147000053665,de567e73a76fe924108d0ea01b5a6f915acb5f28fad5dd6c877682cfa1b379f3,04425edd96b5f3b256591bfe7be1e4c0a5ee2128e32a009a80f9a148edd75b92,223,4014,77502,77502,2166656,0,0.0,0,0.2558499982114881,107.37520000329822,215.6091000069864,2026-07-25T02:35:23.452862+08:00
depth-4-repeat-2-layerprobe_p8-w8,4,2,1,layerprobe_p8,8,24624,512,equidistant_grid_index,18,16,1.8165678000077605,de567e73a76fe924108d0ea01b5a6f915acb5f28fad5dd6c877682cfa1b379f3,04425edd96b5f3b256591bfe7be1e4c0a5ee2128e32a009a80f9a148edd75b92,223,4014,77502,52794,1417442,24708,0.3188046760083611,184,0.21349999587982893,76.44759499889912,198.59090000682045,2026-07-25T02:35:23.452862+08:00
depth-2-repeat-2-kernel_memo_p8-w8,2,2,0,kernel_memo_p8,8,24624,512,equidistant_grid_index,18,16,1.3005052999942563,04daf7fc034416ded3f204c6587b980ed625474c89f385c0ecc9e1bcc877cbe8,cc862531c507fb83513934bb03f7ec39e3313cb2a20963b8229a7d99065ea9c1,223,4014,75354,75354,763801,0,0.0,0,0.22370000078808516,41.10008000425296,76.99200000206474,2026-07-25T02:35:25.938986+08:00
depth-2-repeat-2-layerprobe_p8-w8,2,2,1,layerprobe_p8,8,24624,512,equidistant_grid_index,18,16,1.0248091999965254,04daf7fc034416ded3f204c6587b980ed625474c89f385c0ecc9e1bcc877cbe8,cc862531c507fb83513934bb03f7ec39e3313cb2a20963b8229a7d99065ea9c1,223,4014,75354,50612,503141,24742,0.3283435517689837,183,0.23525000142399222,31.94327500459622,64.7591999877477,2026-07-25T02:35:25.938986+08:00
depth-0-repeat-2-kernel_memo_p8-w8,0,2,0,kernel_memo_p8,8,24624,512,equidistant_grid_index,18,16,0.6515134000073886,3ba5752f040bcbb1750ce88b6cad9918935a3c12ce41e1742cedc78c95334f96,b2e6335eda7898352901c0d9afe84b8a857c91f49a33c84f5c3a32c5ae99cf12,223,4014,71285,71285,0,0,0.0,0,0.22899999748915434,12.085614997340597,21.82840000023134,2026-07-25T02:35:27.486263+08:00
depth-0-repeat-2-layerprobe_p8-w8,0,2,1,layerprobe_p8,8,24624,512,equidistant_grid_index,18,16,0.7347218000068096,3ba5752f040bcbb1750ce88b6cad9918935a3c12ce41e1742cedc78c95334f96,b2e6335eda7898352901c0d9afe84b8a857c91f49a33c84f5c3a32c5ae99cf12,223,4014,71285,47674,0,23611,0.33121975170091883,190,0.26190000062342733,13.710255002661142,24.086699995677918,2026-07-25T02:35:27.486263+08:00
depth-2-repeat-3-layerprobe_p8-w8,2,3,0,layerprobe_p8,8,24624,512,equidistant_grid_index,18,16,0.9719037999893771,04daf7fc034416ded3f204c6587b980ed625474c89f385c0ecc9e1bcc877cbe8,cc862531c507fb83513934bb03f7ec39e3313cb2a20963b8229a7d99065ea9c1,223,4014,75354,50612,503141,24742,0.3283435517689837,183,0.22865000210003927,30.68390500193345,56.51460000080988,2026-07-25T02:35:29.817046+08:00
depth-2-repeat-3-kernel_memo_p8-w8,2,3,1,kernel_memo_p8,8,24624,512,equidistant_grid_index,18,16,1.1941923000122188,04daf7fc034416ded3f204c6587b980ed625474c89f385c0ecc9e1bcc877cbe8,cc862531c507fb83513934bb03f7ec39e3313cb2a20963b8229a7d99065ea9c1,223,4014,75354,75354,763801,0,0.0,0,0.21425000159069896,38.53032500410336,74.45100000768434,2026-07-25T02:35:29.817046+08:00
depth-6-repeat-3-layerprobe_p8-w8,6,3,0,layerprobe_p8,8,24624,512,equidistant_grid_index,18,16,3.5040962000057334,8db0c27d46d77c1fc3c70a6af164c487559a3447761ea0e0ba302f09593e8f18,a2d464f16d7606c807c21714296ba7d79c6e21a297910edb25d3c566c4a10457,223,4014,79085,54225,3349810,24860,0.3143453246506923,186,0.23985000007087365,173.14618000091284,610.5361000081757,2026-07-25T02:35:38.565691+08:00
depth-6-repeat-3-kernel_memo_p8-w8,6,3,1,kernel_memo_p8,8,24624,512,equidistant_grid_index,18,16,5.086733800009824,8db0c27d46d77c1fc3c70a6af164c487559a3447761ea0e0ba302f09593e8f18,a2d464f16d7606c807c21714296ba7d79c6e21a297910edb25d3c566c4a10457,223,4014,79085,79085,5220929,0,0.0,0,0.2437999937683344,259.2109750003146,682.6284999988275,2026-07-25T02:35:38.565691+08:00
depth-0-repeat-3-layerprobe_p8-w8,0,3,0,layerprobe_p8,8,24624,512,equidistant_grid_index,18,16,0.6067645000002813,3ba5752f040bcbb1750ce88b6cad9918935a3c12ce41e1742cedc78c95334f96,b2e6335eda7898352901c0d9afe84b8a857c91f49a33c84f5c3a32c5ae99cf12,223,4014,71285,47674,0,23611,0.33121975170091883,190,0.22714999795425683,11.919925000984222,21.955499993055128,2026-07-25T02:35:39.954879+08:00
depth-0-repeat-3-kernel_memo_p8-w8,0,3,1,kernel_memo_p8,8,24624,512,equidistant_grid_index,18,16,0.6255853999900864,3ba5752f040bcbb1750ce88b6cad9918935a3c12ce41e1742cedc78c95334f96,b2e6335eda7898352901c0d9afe84b8a857c91f49a33c84f5c3a32c5ae99cf12,223,4014,71285,71285,0,0,0.0,0,0.22324999736156315,11.079459999746176,19.89190001040697,2026-07-25T02:35:39.954879+08:00
depth-4-repeat-3-layerprobe_p8-w8,4,3,0,layerprobe_p8,8,24624,512,equidistant_grid_index,18,16,1.800707300004433,de567e73a76fe924108d0ea01b5a6f915acb5f28fad5dd6c877682cfa1b379f3,04425edd96b5f3b256591bfe7be1e4c0a5ee2128e32a009a80f9a148edd75b92,223,4014,77502,52794,1417442,24708,0.3188046760083611,184,0.21279999782564119,77.38953500302159,185.30869999085553,2026-07-25T02:35:44.323487+08:00
depth-4-repeat-3-kernel_memo_p8-w8,4,3,1,kernel_memo_p8,8,24624,512,equidistant_grid_index,18,16,2.399178399995435,de567e73a76fe924108d0ea01b5a6f915acb5f28fad5dd6c877682cfa1b379f3,04425edd96b5f3b256591bfe7be1e4c0a5ee2128e32a009a80f9a148edd75b92,223,4014,77502,77502,2166656,0,0.0,0,0.21879999985685572,104.87606500100809,213.43819999310654,2026-07-25T02:35:44.323487+08:00
depth-0-repeat-4-kernel_memo_p8-w8,0,4,0,kernel_memo_p8,8,24624,512,equidistant_grid_index,18,16,0.6021215999935521,3ba5752f040bcbb1750ce88b6cad9918935a3c12ce41e1742cedc78c95334f96,b2e6335eda7898352901c0d9afe84b8a857c91f49a33c84f5c3a32c5ae99cf12,223,4014,71285,71285,0,0,0.0,0,0.2164999968954362,11.056999998982063,20.708700001705438,2026-07-25T02:35:45.709794+08:00
depth-0-repeat-4-layerprobe_p8-w8,0,4,1,layerprobe_p8,8,24624,512,equidistant_grid_index,18,16,0.6057416999974521,3ba5752f040bcbb1750ce88b6cad9918935a3c12ce41e1742cedc78c95334f96,b2e6335eda7898352901c0d9afe84b8a857c91f49a33c84f5c3a32c5ae99cf12,223,4014,71285,47674,0,23611,0.33121975170091883,190,0.20880000374745578,11.246420004317768,22.517399993375875,2026-07-25T02:35:45.709794+08:00
depth-4-repeat-4-kernel_memo_p8-w8,4,4,0,kernel_memo_p8,8,24624,512,equidistant_grid_index,18,16,2.3929348999954527,de567e73a76fe924108d0ea01b5a6f915acb5f28fad5dd6c877682cfa1b379f3,04425edd96b5f3b256591bfe7be1e4c0a5ee2128e32a009a80f9a148edd75b92,223,4014,77502,77502,2166656,0,0.0,0,0.28059999749530107,105.29521000207751,215.9100999997463,2026-07-25T02:35:50.085671+08:00
depth-4-repeat-4-layerprobe_p8-w8,4,4,1,layerprobe_p8,8,24624,512,equidistant_grid_index,18,16,1.7975156000029529,de567e73a76fe924108d0ea01b5a6f915acb5f28fad5dd6c877682cfa1b379f3,04425edd96b5f3b256591bfe7be1e4c0a5ee2128e32a009a80f9a148edd75b92,223,4014,77502,52794,1417442,24708,0.3188046760083611,184,0.24765000125626102,80.26124000316484,214.07889999682084,2026-07-25T02:35:50.085671+08:00
depth-6-repeat-4-kernel_memo_p8-w8,6,4,0,kernel_memo_p8,8,24624,512,equidistant_grid_index,18,16,5.153816800011555,8db0c27d46d77c1fc3c70a6af164c487559a3447761ea0e0ba302f09593e8f18,a2d464f16d7606c807c21714296ba7d79c6e21a297910edb25d3c566c4a10457,223,4014,79085,79085,5220929,0,0.0,0,0.2403999969828874,262.30939000524813,684.9329999968177,2026-07-25T02:35:58.969516+08:00
depth-6-repeat-4-layerprobe_p8-w8,6,4,1,layerprobe_p8,8,24624,512,equidistant_grid_index,18,16,3.5468596999999136,8db0c27d46d77c1fc3c70a6af164c487559a3447761ea0e0ba302f09593e8f18,a2d464f16d7606c807c21714296ba7d79c6e21a297910edb25d3c566c4a10457,223,4014,79085,54225,3349810,24860,0.3143453246506923,186,0.2295500016771257,184.20000999685723,608.1350999884307,2026-07-25T02:35:58.969516+08:00
depth-2-repeat-4-kernel_memo_p8-w8,2,4,0,kernel_memo_p8,8,24624,512,equidistant_grid_index,18,16,1.220458099996904,04daf7fc034416ded3f204c6587b980ed625474c89f385c0ecc9e1bcc877cbe8,cc862531c507fb83513934bb03f7ec39e3313cb2a20963b8229a7d99065ea9c1,223,4014,75354,75354,763801,0,0.0,0,0.2165000041713938,39.228349998302285,75.05200000014156,2026-07-25T02:36:01.360694+08:00
depth-2-repeat-4-layerprobe_p8-w8,2,4,1,layerprobe_p8,8,24624,512,equidistant_grid_index,18,16,0.9929323000105796,04daf7fc034416ded3f204c6587b980ed625474c89f385c0ecc9e1bcc877cbe8,cc862531c507fb83513934bb03f7ec39e3313cb2a20963b8229a7d99065ea9c1,223,4014,75354,50612,503141,24742,0.3283435517689837,183,0.21559999731834978,31.5794249989267,67.82379999640398,2026-07-25T02:36:01.360694+08:00
depth-0-repeat-5-layerprobe_p8-w8,0,5,0,layerprobe_p8,8,24624,512,equidistant_grid_index,18,16,0.6191198000014992,3ba5752f040bcbb1750ce88b6cad9918935a3c12ce41e1742cedc78c95334f96,b2e6335eda7898352901c0d9afe84b8a857c91f49a33c84f5c3a32c5ae99cf12,223,4014,71285,47674,0,23611,0.33121975170091883,190,0.2600500010885298,11.324299999978393,23.409500005072914,2026-07-25T02:36:02.779015+08:00
depth-0-repeat-5-kernel_memo_p8-w8,0,5,1,kernel_memo_p8,8,24624,512,equidistant_grid_index,18,16,0.6090508000052068,3ba5752f040bcbb1750ce88b6cad9918935a3c12ce41e1742cedc78c95334f96,b2e6335eda7898352901c0d9afe84b8a857c91f49a33c84f5c3a32c5ae99cf12,223,4014,71285,71285,0,0,0.0,0,0.22120000357972458,11.121975002606629,20.573400004650466,2026-07-25T02:36:02.779015+08:00
depth-2-repeat-5-layerprobe_p8-w8,2,5,0,layerprobe_p8,8,24624,512,equidistant_grid_index,18,16,0.9724362999986624,04daf7fc034416ded3f204c6587b980ed625474c89f385c0ecc9e1bcc877cbe8,cc862531c507fb83513934bb03f7ec39e3313cb2a20963b8229a7d99065ea9c1,223,4014,75354,50612,503141,24742,0.3283435517689837,183,0.21430000197142363,30.406015006883536,60.3387000010116,2026-07-25T02:36:05.244575+08:00
depth-2-repeat-5-kernel_memo_p8-w8,2,5,1,kernel_memo_p8,8,24624,512,equidistant_grid_index,18,16,1.3021650000009686,04daf7fc034416ded3f204c6587b980ed625474c89f385c0ecc9e1bcc877cbe8,cc862531c507fb83513934bb03f7ec39e3313cb2a20963b8229a7d99065ea9c1,223,4014,75354,75354,763801,0,0.0,0,0.27255000168224797,41.14431499401688,76.32950000697747,2026-07-25T02:36:05.244575+08:00
depth-4-repeat-5-layerprobe_p8-w8,4,5,0,layerprobe_p8,8,24624,512,equidistant_grid_index,18,16,1.8453750000044238,de567e73a76fe924108d0ea01b5a6f915acb5f28fad5dd6c877682cfa1b379f3,04425edd96b5f3b256591bfe7be1e4c0a5ee2128e32a009a80f9a148edd75b92,223,4014,77502,52794,1417442,24708,0.3188046760083611,184,0.2591500015114434,78.20966000144836,188.56189999496564,2026-07-25T02:36:09.680285+08:00
depth-4-repeat-5-kernel_memo_p8-w8,4,5,1,kernel_memo_p8,8,24624,512,equidistant_grid_index,18,16,2.3938718999997946,de567e73a76fe924108d0ea01b5a6f915acb5f28fad5dd6c877682cfa1b379f3,04425edd96b5f3b256591bfe7be1e4c0a5ee2128e32a009a80f9a148edd75b92,223,4014,77502,77502,2166656,0,0.0,0,0.22555000032298267,101.4951400065911,218.63329999905545,2026-07-25T02:36:09.680285+08:00
depth-6-repeat-5-layerprobe_p8-w8,6,5,0,layerprobe_p8,8,24624,512,equidistant_grid_index,18,16,3.581727900003898,8db0c27d46d77c1fc3c70a6af164c487559a3447761ea0e0ba302f09593e8f18,a2d464f16d7606c807c21714296ba7d79c6e21a297910edb25d3c566c4a10457,223,4014,79085,54225,3349810,24860,0.3143453246506923,186,0.24009999469853938,179.59994499688037,613.2055999914883,2026-07-25T02:36:18.667318+08:00
depth-6-repeat-5-kernel_memo_p8-w8,6,5,1,kernel_memo_p8,8,24624,512,equidistant_grid_index,18,16,5.207620799992583,8db0c27d46d77c1fc3c70a6af164c487559a3447761ea0e0ba302f09593e8f18,a2d464f16d7606c807c21714296ba7d79c6e21a297910edb25d3c566c4a10457,223,4014,79085,79085,5220929,0,0.0,0,0.25924999499693513,270.01483500353055,705.1076000061585,2026-07-25T02:36:18.667318+08:00
depth-4-repeat-6-kernel_memo_p8-w8,4,6,0,kernel_memo_p8,8,24624,512,equidistant_grid_index,18,16,2.506850299992948,de567e73a76fe924108d0ea01b5a6f915acb5f28fad5dd6c877682cfa1b379f3,04425edd96b5f3b256591bfe7be1e4c0a5ee2128e32a009a80f9a148edd75b92,223,4014,77502,77502,2166656,0,0.0,0,0.2314000012120232,111.18827999234779,246.6606999951182,2026-07-25T02:36:23.165813+08:00
depth-4-repeat-6-layerprobe_p8-w8,4,6,1,layerprobe_p8,8,24624,512,equidistant_grid_index,18,16,1.790038299994194,de567e73a76fe924108d0ea01b5a6f915acb5f28fad5dd6c877682cfa1b379f3,04425edd96b5f3b256591bfe7be1e4c0a5ee2128e32a009a80f9a148edd75b92,223,4014,77502,52794,1417442,24708,0.3188046760083611,184,0.23630000214325264,76.26338499248958,199.42170000285842,2026-07-25T02:36:23.165813+08:00
depth-0-repeat-6-kernel_memo_p8-w8,0,6,0,kernel_memo_p8,8,24624,512,equidistant_grid_index,18,16,0.6557229999889387,3ba5752f040bcbb1750ce88b6cad9918935a3c12ce41e1742cedc78c95334f96,b2e6335eda7898352901c0d9afe84b8a857c91f49a33c84f5c3a32c5ae99cf12,223,4014,71285,71285,0,0,0.0,0,0.250299992330838,12.773089994152542,23.349499999312684,2026-07-25T02:36:24.667306+08:00
depth-0-repeat-6-layerprobe_p8-w8,0,6,1,layerprobe_p8,8,24624,512,equidistant_grid_index,18,16,0.6331336000002921,3ba5752f040bcbb1750ce88b6cad9918935a3c12ce41e1742cedc78c95334f96,b2e6335eda7898352901c0d9afe84b8a857c91f49a33c84f5c3a32c5ae99cf12,223,4014,71285,47674,0,23611,0.33121975170091883,190,0.23269999655894935,11.422240002139004,22.338599999784492,2026-07-25T02:36:24.667306+08:00
depth-6-repeat-6-kernel_memo_p8-w8,6,6,0,kernel_memo_p8,8,24624,512,equidistant_grid_index,18,16,5.170899400007329,8db0c27d46d77c1fc3c70a6af164c487559a3447761ea0e0ba302f09593e8f18,a2d464f16d7606c807c21714296ba7d79c6e21a297910edb25d3c566c4a10457,223,4014,79085,79085,5220929,0,0.0,0,0.2689499960979447,265.2571349943173,713.3374999975786,2026-07-25T02:36:33.543273+08:00
depth-6-repeat-6-layerprobe_p8-w8,6,6,1,layerprobe_p8,8,24624,512,equidistant_grid_index,18,16,3.5141482000035467,8db0c27d46d77c1fc3c70a6af164c487559a3447761ea0e0ba302f09593e8f18,a2d464f16d7606c807c21714296ba7d79c6e21a297910edb25d3c566c4a10457,223,4014,79085,54225,3349810,24860,0.3143453246506923,186,0.2317000034963712,178.3370800054399,598.9654000004521,2026-07-25T02:36:33.543273+08:00
depth-2-repeat-6-kernel_memo_p8-w8,2,6,0,kernel_memo_p8,8,24624,512,equidistant_grid_index,18,16,1.2187904000020353,04daf7fc034416ded3f204c6587b980ed625474c89f385c0ecc9e1bcc877cbe8,cc862531c507fb83513934bb03f7ec39e3313cb2a20963b8229a7d99065ea9c1,223,4014,75354,75354,763801,0,0.0,0,0.24359999952139333,40.49328000255626,68.9834999939194,2026-07-25T02:36:35.885971+08:00
depth-2-repeat-6-layerprobe_p8-w8,2,6,1,layerprobe_p8,8,24624,512,equidistant_grid_index,18,16,0.9245124000008218,04daf7fc034416ded3f204c6587b980ed625474c89f385c0ecc9e1bcc877cbe8,cc862531c507fb83513934bb03f7ec39e3313cb2a20963b8229a7d99065ea9c1,223,4014,75354,50612,503141,24742,0.3283435517689837,183,0.2172499953303486,30.775765001453692,69.80889999249484,2026-07-25T02:36:35.885971+08:00
depth-4-repeat-7-layerprobe_p8-w8,4,7,0,layerprobe_p8,8,24624,512,equidistant_grid_index,18,16,1.7649969999911264,de567e73a76fe924108d0ea01b5a6f915acb5f28fad5dd6c877682cfa1b379f3,04425edd96b5f3b256591bfe7be1e4c0a5ee2128e32a009a80f9a148edd75b92,223,4014,77502,52794,1417442,24708,0.3188046760083611,184,0.222100003156811,74.1448249980749,188.53530001069885,2026-07-25T02:36:40.245346+08:00
depth-4-repeat-7-kernel_memo_p8-w8,4,7,1,kernel_memo_p8,8,24624,512,equidistant_grid_index,18,16,2.3907540000072913,de567e73a76fe924108d0ea01b5a6f915acb5f28fad5dd6c877682cfa1b379f3,04425edd96b5f3b256591bfe7be1e4c0a5ee2128e32a009a80f9a148edd75b92,223,4014,77502,77502,2166656,0,0.0,0,0.22379999427357689,106.72020999991217,211.05600000009872,2026-07-25T02:36:40.245346+08:00
depth-6-repeat-7-layerprobe_p8-w8,6,7,0,layerprobe_p8,8,24624,512,equidistant_grid_index,18,16,3.5144634999887785,8db0c27d46d77c1fc3c70a6af164c487559a3447761ea0e0ba302f09593e8f18,a2d464f16d7606c807c21714296ba7d79c6e21a297910edb25d3c566c4a10457,223,4014,79085,54225,3349810,24860,0.3143453246506923,186,0.2297000028192997,170.92735499900297,609.314400004223,2026-07-25T02:36:48.997267+08:00
depth-6-repeat-7-kernel_memo_p8-w8,6,7,1,kernel_memo_p8,8,24624,512,equidistant_grid_index,18,16,5.030635800008895,8db0c27d46d77c1fc3c70a6af164c487559a3447761ea0e0ba302f09593e8f18,a2d464f16d7606c807c21714296ba7d79c6e21a297910edb25d3c566c4a10457,223,4014,79085,79085,5220929,0,0.0,0,0.22199999511940405,267.5463149957068,688.3925000001909,2026-07-25T02:36:48.997267+08:00
depth-2-repeat-7-layerprobe_p8-w8,2,7,0,layerprobe_p8,8,24624,512,equidistant_grid_index,18,16,1.051500000001397,04daf7fc034416ded3f204c6587b980ed625474c89f385c0ecc9e1bcc877cbe8,cc862531c507fb83513934bb03f7ec39e3313cb2a20963b8229a7d99065ea9c1,223,4014,75354,50612,503141,24742,0.3283435517689837,183,0.24794999626465142,31.65986000240082,70.08369998948183,2026-07-25T02:36:51.560002+08:00
depth-2-repeat-7-kernel_memo_p8-w8,2,7,1,kernel_memo_p8,8,24624,512,equidistant_grid_index,18,16,1.2962855999940075,04daf7fc034416ded3f204c6587b980ed625474c89f385c0ecc9e1bcc877cbe8,cc862531c507fb83513934bb03f7ec39e3313cb2a20963b8229a7d99065ea9c1,223,4014,75354,75354,763801,0,0.0,0,0.22104999516159296,38.904385004570926,72.73220000206493,2026-07-25T02:36:51.560002+08:00
depth-0-repeat-7-layerprobe_p8-w8,0,7,0,layerprobe_p8,8,24624,512,equidistant_grid_index,18,16,0.6275192000030074,3ba5752f040bcbb1750ce88b6cad9918935a3c12ce41e1742cedc78c95334f96,b2e6335eda7898352901c0d9afe84b8a857c91f49a33c84f5c3a32c5ae99cf12,223,4014,71285,47674,0,23611,0.33121975170091883,190,0.2548000047681853,11.551735000830375,20.72470000712201,2026-07-25T02:36:53.037139+08:00
depth-0-repeat-7-kernel_memo_p8-w8,0,7,1,kernel_memo_p8,8,24624,512,equidistant_grid_index,18,16,0.6280642000056105,3ba5752f040bcbb1750ce88b6cad9918935a3c12ce41e1742cedc78c95334f96,b2e6335eda7898352901c0d9afe84b8a857c91f49a33c84f5c3a32c5ae99cf12,223,4014,71285,71285,0,0,0.0,0,0.22185000125318766,11.454150005738478,23.216999994474463,2026-07-25T02:36:53.037139+08:00
depth-0-repeat-8-kernel_memo_p8-w8,0,8,0,kernel_memo_p8,8,24624,512,equidistant_grid_index,18,16,0.6348371999920346,3ba5752f040bcbb1750ce88b6cad9918935a3c12ce41e1742cedc78c95334f96,b2e6335eda7898352901c0d9afe84b8a857c91f49a33c84f5c3a32c5ae99cf12,223,4014,71285,71285,0,0,0.0,0,0.27599999884841964,11.737155003356746,21.991300003719516,2026-07-25T02:36:54.516459+08:00
depth-0-repeat-8-layerprobe_p8-w8,0,8,1,layerprobe_p8,8,24624,512,equidistant_grid_index,18,16,0.6162877000024309,3ba5752f040bcbb1750ce88b6cad9918935a3c12ce41e1742cedc78c95334f96,b2e6335eda7898352901c0d9afe84b8a857c91f49a33c84f5c3a32c5ae99cf12,223,4014,71285,47674,0,23611,0.33121975170091883,190,0.21454999659908935,10.753229998954337,22.61949999956414,2026-07-25T02:36:54.516459+08:00
depth-2-repeat-8-kernel_memo_p8-w8,2,8,0,kernel_memo_p8,8,24624,512,equidistant_grid_index,18,16,1.2181394000072032,04daf7fc034416ded3f204c6587b980ed625474c89f385c0ecc9e1bcc877cbe8,cc862531c507fb83513934bb03f7ec39e3313cb2a20963b8229a7d99065ea9c1,223,4014,75354,75354,763801,0,0.0,0,0.2577499981271103,39.99871499327128,74.58390000101645,2026-07-25T02:36:56.951716+08:00
depth-2-repeat-8-layerprobe_p8-w8,2,8,1,layerprobe_p8,8,24624,512,equidistant_grid_index,18,16,0.99696390000463,04daf7fc034416ded3f204c6587b980ed625474c89f385c0ecc9e1bcc877cbe8,cc862531c507fb83513934bb03f7ec39e3313cb2a20963b8229a7d99065ea9c1,223,4014,75354,50612,503141,24742,0.3283435517689837,183,0.2528500044718385,32.031945006747264,71.5827999956673,2026-07-25T02:36:56.951716+08:00
depth-4-repeat-8-kernel_memo_p8-w8,4,8,0,kernel_memo_p8,8,24624,512,equidistant_grid_index,18,16,2.4104435999906855,de567e73a76fe924108d0ea01b5a6f915acb5f28fad5dd6c877682cfa1b379f3,04425edd96b5f3b256591bfe7be1e4c0a5ee2128e32a009a80f9a148edd75b92,223,4014,77502,77502,2166656,0,0.0,0,0.24159999884432182,108.46240000319082,229.05739999259822,2026-07-25T02:37:01.367206+08:00
depth-4-repeat-8-layerprobe_p8-w8,4,8,1,layerprobe_p8,8,24624,512,equidistant_grid_index,18,16,1.7927459999918938,de567e73a76fe924108d0ea01b5a6f915acb5f28fad5dd6c877682cfa1b379f3,04425edd96b5f3b256591bfe7be1e4c0a5ee2128e32a009a80f9a148edd75b92,223,4014,77502,52794,1417442,24708,0.3188046760083611,184,0.22914999135537073,74.8680400007288,188.32230000407435,2026-07-25T02:37:01.367206+08:00
depth-6-repeat-8-kernel_memo_p8-w8,6,8,0,kernel_memo_p8,8,24624,512,equidistant_grid_index,18,16,5.0795571000053314,8db0c27d46d77c1fc3c70a6af164c487559a3447761ea0e0ba302f09593e8f18,a2d464f16d7606c807c21714296ba7d79c6e21a297910edb25d3c566c4a10457,223,4014,79085,79085,5220929,0,0.0,0,0.22759999410482123,268.94542000445654,700.5639999988489,2026-07-25T02:37:10.207848+08:00
depth-6-repeat-8-layerprobe_p8-w8,6,8,1,layerprobe_p8,8,24624,512,equidistant_grid_index,18,16,3.5295279000129085,8db0c27d46d77c1fc3c70a6af164c487559a3447761ea0e0ba302f09593e8f18,a2d464f16d7606c807c21714296ba7d79c6e21a297910edb25d3c566c4a10457,223,4014,79085,54225,3349810,24860,0.3143453246506923,186,0.23159999545896426,182.021219994931,590.4350000055274,2026-07-25T02:37:10.207848+08:00
depth-6-repeat-9-layerprobe_p8-w8,6,9,0,layerprobe_p8,8,24624,512,equidistant_grid_index,18,16,3.5789764000073774,8db0c27d46d77c1fc3c70a6af164c487559a3447761ea0e0ba302f09593e8f18,a2d464f16d7606c807c21714296ba7d79c6e21a297910edb25d3c566c4a10457,223,4014,79085,54225,3349810,24860,0.3143453246506923,186,0.21754999761469662,186.90774999267887,619.3570000032196,2026-07-25T02:37:19.190920+08:00
depth-6-repeat-9-kernel_memo_p8-w8,6,9,1,kernel_memo_p8,8,24624,512,equidistant_grid_index,18,16,5.168430099991383,8db0c27d46d77c1fc3c70a6af164c487559a3447761ea0e0ba302f09593e8f18,a2d464f16d7606c807c21714296ba7d79c6e21a297910edb25d3c566c4a10457,223,4014,79085,79085,5220929,0,0.0,0,0.2267500094603747,264.49296999999206,670.5026999989059,2026-07-25T02:37:19.190920+08:00
depth-2-repeat-9-layerprobe_p8-w8,2,9,0,layerprobe_p8,8,24624,512,equidistant_grid_index,18,16,1.1124180000042543,04daf7fc034416ded3f204c6587b980ed625474c89f385c0ecc9e1bcc877cbe8,cc862531c507fb83513934bb03f7ec39e3313cb2a20963b8229a7d99065ea9c1,223,4014,75354,50612,503141,24742,0.3283435517689837,183,0.28634999762289226,36.354389999905834,80.18600000650622,2026-07-25T02:37:21.818210+08:00
depth-2-repeat-9-kernel_memo_p8-w8,2,9,1,kernel_memo_p8,8,24624,512,equidistant_grid_index,18,16,1.2795391999970889,04daf7fc034416ded3f204c6587b980ed625474c89f385c0ecc9e1bcc877cbe8,cc862531c507fb83513934bb03f7ec39e3313cb2a20963b8229a7d99065ea9c1,223,4014,75354,75354,763801,0,0.0,0,0.27609999233391136,42.455949996656265,79.32849999633618,2026-07-25T02:37:21.818210+08:00
depth-0-repeat-9-layerprobe_p8-w8,0,9,0,layerprobe_p8,8,24624,512,equidistant_grid_index,18,16,0.6125196000066353,3ba5752f040bcbb1750ce88b6cad9918935a3c12ce41e1742cedc78c95334f96,b2e6335eda7898352901c0d9afe84b8a857c91f49a33c84f5c3a32c5ae99cf12,223,4014,71285,47674,0,23611,0.33121975170091883,190,0.22854999406263232,11.303879998740738,24.618900002678856,2026-07-25T02:37:23.302341+08:00
depth-0-repeat-9-kernel_memo_p8-w8,0,9,1,kernel_memo_p8,8,24624,512,equidistant_grid_index,18,16,0.6316272999974899,3ba5752f040bcbb1750ce88b6cad9918935a3c12ce41e1742cedc78c95334f96,b2e6335eda7898352901c0d9afe84b8a857c91f49a33c84f5c3a32c5ae99cf12,223,4014,71285,71285,0,0,0.0,0,0.2425499988021329,12.232535003568044,24.55529999861028,2026-07-25T02:37:23.302341+08:00
depth-4-repeat-9-layerprobe_p8-w8,4,9,0,layerprobe_p8,8,24624,512,equidistant_grid_index,18,16,1.8112015000078827,de567e73a76fe924108d0ea01b5a6f915acb5f28fad5dd6c877682cfa1b379f3,04425edd96b5f3b256591bfe7be1e4c0a5ee2128e32a009a80f9a148edd75b92,223,4014,77502,52794,1417442,24708,0.3188046760083611,184,0.28500000189524144,81.03467500332043,196.98690000222996,2026-07-25T02:37:28.149383+08:00
depth-4-repeat-9-kernel_memo_p8-w8,4,9,1,kernel_memo_p8,8,24624,512,equidistant_grid_index,18,16,2.782432500011055,de567e73a76fe924108d0ea01b5a6f915acb5f28fad5dd6c877682cfa1b379f3,04425edd96b5f3b256591bfe7be1e4c0a5ee2128e32a009a80f9a148edd75b92,223,4014,77502,77502,2166656,0,0.0,0,0.25290000485256314,129.2805400022189,259.7005999996327,2026-07-25T02:37:28.149383+08:00
