factor,level,level_order,definition,requested_kernels,valid_kernels,validity_rate,robust_nonzero_kernels,robust_nonzero_rate,robust_full_kernels,robust_full_rate,mean_robust_pairs,mean_union_pairs,mean_presentation_gap,mean_delay_delta,delay_positive_kernels,delay_positive_rate,delay_zero_kernels,delay_zero_rate,delay_negative_kernels,delay_negative_rate,reference_friction_blind_candidate_rate,reference_friction_blind_robust_rate
friction,0,0,friction == 0,8208,5094,0.6206140350877193,4584,0.8998822143698468,0,0.0,2.9756576364350216,4.998233215547703,2.0225755791126816,-0.15416830257819658,525,0.10306242638398115,2706,0.5312131919905771,1863,0.3657243816254417,0.0,0.0
friction,1,1,friction == 1,8208,3521,0.4289717348927875,3275,0.930133484805453,0,0.0,3.1962510650383416,5.936949730190287,2.7406986651519456,-0.2814225756571681,542,0.15393354160749786,465,0.13206475433115591,2514,0.7140017040613462,0.6565527470100034,0.3098551547855723
friction,2,2,friction == 2,8208,1929,0.23501461988304093,1635,0.8475894245723172,0,0.0,2.953343701399689,5.91601866251944,2.962674961119751,-0.39364091930188355,237,0.12286158631415241,243,0.12597200622083982,1449,0.7511664074650077,0.7786417833074132,0.5583203732503889
start_speed_band,low,0,3 <= start_speed <= 6,8208,2327,0.2835038986354776,1907,0.8195100988397078,0,0.0,2.6519123334765795,5.078642028362699,2.4267296948861197,-0.060020054433462255,522,0.2243231628706489,1214,0.5217017619252257,591,0.2539750752041255,0.056940266437473144,0.02191663085517834
start_speed_band,medium,1,7 <= start_speed <= 10,8208,4062,0.49488304093567254,3702,0.9113737075332349,0,0.0,3.056129985228951,5.48055145248646,2.4244214672575084,-0.2786530991848569,509,0.12530773018217628,1249,0.30748399803052684,2304,0.5672082717872969,0.3468461075551179,0.16445100935499754
start_speed_band,high,2,11 <= start_speed <= 14,8208,4155,0.5062134502923976,3885,0.9350180505415162,0,0.0,3.2548736462093864,5.703249097472924,2.448375451263538,-0.30421179302045726,273,0.06570397111913358,951,0.22888086642599278,2931,0.7054151624548737,0.5468912956277577,0.34873646209386283
brake_force,1,0,brake_force == 1,6156,1515,0.24610136452241715,1347,0.8891089108910891,0,0.0,3.5564356435643565,5.6033003300330035,2.046864686468647,-0.24745141180784744,176,0.11617161716171617,505,0.3333333333333333,834,0.5504950495049505,0.48382838283828383,0.4231023102310231
brake_force,2,1,brake_force == 2,6156,2666,0.4330734243014945,2411,0.904351087771943,0,0.0,3.2066766691672917,5.512753188297074,2.3060765191297823,-0.25206301575393847,215,0.08064516129032258,981,0.367966991747937,1470,0.5513878469617405,0.4456739184796199,0.31282820705176295
brake_force,3,2,brake_force == 3,6156,3117,0.5063352826510721,2814,0.9027911453320501,0,0.0,2.9043952518447225,5.471286493423163,2.566891241578441,-0.207179267814494,458,0.14693615656079564,963,0.3089509143407122,1696,0.5441129290984922,0.3527786689480626,0.1588065447545717
brake_force,4,3,brake_force == 4,6156,3246,0.5272904483430799,2922,0.9001848428835489,0,0.0,2.8093037584719656,5.402649414664202,2.593345656192237,-0.25967002122270144,455,0.14017252002464572,965,0.2972889710412816,1826,0.5625385089340728,0.24428356267542958,0.06099815157116451
goal_width,1,0,goal_width == 1,8208,3224,0.39278752436647174,2945,0.9134615384615384,0,0.0,3.1265508684863526,5.482009925558312,2.3554590570719602,-0.2558588365039978,408,0.12655086848635236,921,0.2856699751861042,1895,0.5877791563275434,0.3736559139784946,0.2196029776674938
goal_width,2,1,goal_width == 2,8208,3623,0.44139863547758285,3260,0.8998067899530776,0,0.0,3.033121722329561,5.477228815898426,2.444107093568866,-0.23387616156040114,460,0.12696660226331768,1209,0.33370135247032845,1954,0.5393320452663538,0.35917134357653263,0.2031465636213083
goal_width,3,2,goal_width == 3,8208,3697,0.45041423001949316,3289,0.8896402488504193,0,0.0,2.9862050311063024,5.4798485258317555,2.493643494725453,-0.233522676043639,436,0.11793345956180687,1284,0.3473086286177982,1977,0.5347579118203949,0.35374026988849816,0.19583446037327562
horizon,8,0,horizon == 8,8208,3341,0.40704191033138404,3025,0.9054175396587848,0,0.0,3.048787788087399,5.506135887458845,2.457348099371446,-0.25368319531743655,406,0.12152050284346004,1011,0.302604010775217,1924,0.5758754863813229,0.38160564036050415,0.2167015863513918
horizon,10,1,horizon == 10,8208,3556,0.43323586744639375,3206,0.9015748031496063,0,0.0,3.0559617547806526,5.473284589426322,2.4173228346456694,-0.23865766779152606,432,0.12148481439820022,1175,0.33042744656917883,1949,0.5480877390326209,0.3569710036245469,0.203037120359955
horizon,12,2,horizon == 12,8208,3647,0.44432261208577,3263,0.8947079791609542,0,0.0,3.0315327666575267,5.46147518508363,2.4299424184261036,-0.23014349693812267,466,0.12777625445571703,1228,0.3367151083081985,1953,0.5355086372360844,0.3480638576607866,0.1979709350150809
goal_start_band,near,0,4 <= goal_start <= 14,7776,3195,0.41087962962962965,2331,0.7295774647887324,0,0.0,2.202816901408451,5.489201877934272,3.2863849765258215,-0.35732916014606153,681,0.2131455399061033,594,0.18591549295774648,1920,0.6009389671361502,0.33943661971830985,0.17652582159624414
goal_start_band,middle,1,16 <= goal_start <= 26,7776,3757,0.48315329218106995,3599,0.9579451690178333,0,0.0,3.2203886079318607,5.50944902848017,2.2890604205483096,-0.2230207316712507,359,0.0955549640670748,1212,0.322597817407506,2186,0.5818472185254192,0.38714399787064147,0.22358264572797446
goal_start_band,far,2,28 <= goal_start <= 40,9072,3592,0.3959435626102293,3564,0.9922048997772829,0,0.0,3.611358574610245,5.439866369710468,1.8285077951002227,-0.15478841870824053,264,0.07349665924276169,1608,0.44766146993318484,1720,0.47884187082405344,0.3548781242266766,0.21269487750556793
