mutation_id,family,family_index,operator,parameters_json,independent_oracle_detected,oracle_comparison_detected,trace_detected,signature_detected,trace_cases,trace_mismatches,signature_cases,signature_mismatches,affected_kernels,cache_hits,cache_misses,nontermination_guards,first_witness_json
agent_policy_000_c0ffce5c52,agent_policy,0,threshold_shift,"{""agent"":""friction_blind"",""threshold_shift"":-1}",1,1,1,1,9216,359,2304,264,81,0,0,0,"{""agent"":""friction_blind"",""difference"":{""observed_length"":3,""observed_step"":[[3,4,0,0],""brake"",""running""],""oracle_length"":3,""oracle_step"":[[3,4,0,0],""coast"",""running""],""step_index"":0},""family"":""agent_policy"",""kernel"":{""brake_force"":1,""friction"":0,""goal_end"":5,""goal_start"":4,""horizon"":8,""name"":""brake_0000"",""start_position"":0,""start_speed"":3},""kind"":""randomized_mutation_trace"",""mutant_signature_mask"":62,""mutation_id"":""agent_policy_000_c0ffce5c52"",""observed_trace_sha256"":""1189924cc9b6c0efd1f55935ef6354fd91e9c36e9657456822b48050bf88d3c2"",""operator"":""threshold_shift"",""oracle_signature_mask"":42,""oracle_trace_sha256"":""9f9c2ae8a8d990ef3b4923626cdb1415dad2a614e8dadb3aa8931dedb72bee38"",""parameters"":{""agent"":""friction_blind"",""threshold_shift"":-1},""presentation"":{""delay"":0,""distance_mode"":""exact"",""name"":""view_00_exact_exact_d0"",""speed_mode"":""exact""},""replay_order"":""not_applicable"",""sample_rank"":0}"
agent_policy_001_90c1c2dd4e,agent_policy,1,flip_action_at_margin,"{""agent"":""friction_blind"",""margin"":2}",1,1,1,1,9216,672,2304,403,90,0,0,0,"{""agent"":""friction_blind"",""difference"":{""observed_length"":2,""observed_step"":[[3,1,0,0],""coast"",""overshoot""],""oracle_length"":3,""oracle_step"":[[3,1,0,0],""brake"",""running""],""step_index"":1},""family"":""agent_policy"",""kernel"":{""brake_force"":1,""friction"":0,""goal_end"":5,""goal_start"":4,""horizon"":8,""name"":""brake_0000"",""start_position"":0,""start_speed"":3},""kind"":""randomized_mutation_trace"",""mutant_signature_mask"":62,""mutation_id"":""agent_policy_001_90c1c2dd4e"",""observed_trace_sha256"":""3b839408d6ddcb9f0d74be72e11ebbeaaddc3e547fe0d32c1c619b87bc0531ef"",""operator"":""flip_action_at_margin"",""oracle_signature_mask"":42,""oracle_trace_sha256"":""9f9c2ae8a8d990ef3b4923626cdb1415dad2a614e8dadb3aa8931dedb72bee38"",""parameters"":{""agent"":""friction_blind"",""margin"":2},""presentation"":{""delay"":0,""distance_mode"":""exact"",""name"":""view_00_exact_exact_d0"",""speed_mode"":""exact""},""replay_order"":""not_applicable"",""sample_rank"":0}"
agent_policy_002_2872f544de,agent_policy,2,flip_action_at_margin,"{""agent"":""instant_stop"",""margin"":2}",1,1,1,1,9216,494,2304,398,82,0,0,0,"{""agent"":""instant_stop"",""difference"":{""observed_length"":2,""observed_step"":[[3,1,0,0],""coast"",""overshoot""],""oracle_length"":3,""oracle_step"":[[3,1,0,0],""brake"",""running""],""step_index"":1},""family"":""agent_policy"",""kernel"":{""brake_force"":1,""friction"":0,""goal_end"":5,""goal_start"":4,""horizon"":8,""name"":""brake_0000"",""start_position"":0,""start_speed"":3},""kind"":""randomized_mutation_trace"",""mutant_signature_mask"":59,""mutation_id"":""agent_policy_002_2872f544de"",""observed_trace_sha256"":""3b839408d6ddcb9f0d74be72e11ebbeaaddc3e547fe0d32c1c619b87bc0531ef"",""operator"":""flip_action_at_margin"",""oracle_signature_mask"":42,""oracle_trace_sha256"":""9f9c2ae8a8d990ef3b4923626cdb1415dad2a614e8dadb3aa8931dedb72bee38"",""parameters"":{""agent"":""instant_stop"",""margin"":2},""presentation"":{""delay"":0,""distance_mode"":""exact"",""name"":""view_00_exact_exact_d0"",""speed_mode"":""exact""},""replay_order"":""not_applicable"",""sample_rank"":0}"
agent_policy_003_4b585e934b,agent_policy,3,threshold_shift,"{""agent"":""reference"",""threshold_shift"":-3}",1,1,1,1,9216,1353,2304,1135,114,0,0,0,"{""agent"":""reference"",""difference"":{""observed_length"":3,""observed_step"":[[3,4,0,0],""brake"",""running""],""oracle_length"":3,""oracle_step"":[[3,4,0,0],""coast"",""running""],""step_index"":0},""family"":""agent_policy"",""kernel"":{""brake_force"":1,""friction"":0,""goal_end"":5,""goal_start"":4,""horizon"":8,""name"":""brake_0000"",""start_position"":0,""start_speed"":3},""kind"":""randomized_mutation_trace"",""mutant_signature_mask"":47,""mutation_id"":""agent_policy_003_4b585e934b"",""observed_trace_sha256"":""1189924cc9b6c0efd1f55935ef6354fd91e9c36e9657456822b48050bf88d3c2"",""operator"":""threshold_shift"",""oracle_signature_mask"":42,""oracle_trace_sha256"":""9f9c2ae8a8d990ef3b4923626cdb1415dad2a614e8dadb3aa8931dedb72bee38"",""parameters"":{""agent"":""reference"",""threshold_shift"":-3},""presentation"":{""delay"":0,""distance_mode"":""exact"",""name"":""view_00_exact_exact_d0"",""speed_mode"":""exact""},""replay_order"":""not_applicable"",""sample_rank"":0}"
agent_policy_004_b7a6653ad9,agent_policy,4,threshold_shift,"{""agent"":""friction_blind"",""threshold_shift"":-2}",1,1,1,1,9216,772,2304,564,94,0,0,0,"{""agent"":""friction_blind"",""difference"":{""observed_length"":3,""observed_step"":[[3,4,0,0],""brake"",""running""],""oracle_length"":3,""oracle_step"":[[3,4,0,0],""coast"",""running""],""step_index"":0},""family"":""agent_policy"",""kernel"":{""brake_force"":1,""friction"":0,""goal_end"":5,""goal_start"":4,""horizon"":8,""name"":""brake_0000"",""start_position"":0,""start_speed"":3},""kind"":""randomized_mutation_trace"",""mutant_signature_mask"":62,""mutation_id"":""agent_policy_004_b7a6653ad9"",""observed_trace_sha256"":""1189924cc9b6c0efd1f55935ef6354fd91e9c36e9657456822b48050bf88d3c2"",""operator"":""threshold_shift"",""oracle_signature_mask"":42,""oracle_trace_sha256"":""9f9c2ae8a8d990ef3b4923626cdb1415dad2a614e8dadb3aa8931dedb72bee38"",""parameters"":{""agent"":""friction_blind"",""threshold_shift"":-2},""presentation"":{""delay"":0,""distance_mode"":""exact"",""name"":""view_00_exact_exact_d0"",""speed_mode"":""exact""},""replay_order"":""not_applicable"",""sample_rank"":0}"
agent_policy_005_645f6458de,agent_policy,5,flip_action_at_margin,"{""agent"":""friction_blind"",""margin"":1}",1,1,1,1,9216,392,2304,283,73,0,0,0,"{""agent"":""friction_blind"",""difference"":{""observed_length"":3,""observed_step"":[[2,0,1,0],""coast"",""overshoot""],""oracle_length"":3,""oracle_step"":[[2,0,1,0],""brake"",""overshoot""],""step_index"":2},""family"":""agent_policy"",""kernel"":{""brake_force"":1,""friction"":0,""goal_end"":5,""goal_start"":4,""horizon"":8,""name"":""brake_0000"",""start_position"":0,""start_speed"":3},""kind"":""randomized_mutation_trace"",""mutant_signature_mask"":62,""mutation_id"":""agent_policy_005_645f6458de"",""observed_trace_sha256"":""a63a52e64806faaf42fe567ac30f50bce54ae258b066fbf30d5fe11b7445b1f2"",""operator"":""flip_action_at_margin"",""oracle_signature_mask"":42,""oracle_trace_sha256"":""9f9c2ae8a8d990ef3b4923626cdb1415dad2a614e8dadb3aa8931dedb72bee38"",""parameters"":{""agent"":""friction_blind"",""margin"":1},""presentation"":{""delay"":0,""distance_mode"":""exact"",""name"":""view_00_exact_exact_d0"",""speed_mode"":""exact""},""replay_order"":""not_applicable"",""sample_rank"":0}"
agent_policy_006_b26f40fec9,agent_policy,6,flip_action_at_margin,"{""agent"":""reference"",""margin"":0}",1,1,1,1,9216,961,2304,715,106,0,0,0,"{""agent"":""reference"",""difference"":{""observed_length"":3,""observed_step"":[[3,3,0,0],""coast"",""running""],""oracle_length"":3,""oracle_step"":[[3,3,0,0],""brake"",""running""],""step_index"":0},""family"":""agent_policy"",""kernel"":{""brake_force"":1,""friction"":0,""goal_end"":5,""goal_start"":4,""horizon"":8,""name"":""brake_0000"",""start_position"":0,""start_speed"":3},""kind"":""randomized_mutation_trace"",""mutant_signature_mask"":47,""mutation_id"":""agent_policy_006_b26f40fec9"",""observed_trace_sha256"":""234f005c85c1c73c53e8300ab4e590daaf411abe71a36c00721a846397b87bd7"",""operator"":""flip_action_at_margin"",""oracle_signature_mask"":42,""oracle_trace_sha256"":""134fc2a2048b0ed859431823fbdee03307851d1f8288fbc91440d5d15255834b"",""parameters"":{""agent"":""reference"",""margin"":0},""presentation"":{""delay"":0,""distance_mode"":""coarse"",""name"":""view_02_exact_coarse_d0"",""speed_mode"":""exact""},""replay_order"":""not_applicable"",""sample_rank"":0}"
agent_policy_007_596b55e27a,agent_policy,7,flip_action_at_margin,"{""agent"":""speed_only"",""margin"":1}",1,1,1,1,9216,1047,2304,415,78,0,0,0,"{""agent"":""speed_only"",""difference"":{""observed_length"":3,""observed_step"":[[4,4,0,0],""coast"",""running""],""oracle_length"":3,""oracle_step"":[[4,4,0,0],""brake"",""running""],""step_index"":0},""family"":""agent_policy"",""kernel"":{""brake_force"":1,""friction"":1,""goal_end"":5,""goal_start"":4,""horizon"":8,""name"":""brake_0004"",""start_position"":0,""start_speed"":4},""kind"":""randomized_mutation_trace"",""mutant_signature_mask"":63,""mutation_id"":""agent_policy_007_596b55e27a"",""observed_trace_sha256"":""78f432d8ea7d4997126e4ecf4dfabd8c02d84b705a7c57b65d447723248ade14"",""operator"":""flip_action_at_margin"",""oracle_signature_mask"":31,""oracle_trace_sha256"":""ca220914f293caa0b0e7e9964f950626965aa1cf053ff12c94829b3801aa7a07"",""parameters"":{""agent"":""speed_only"",""margin"":1},""presentation"":{""delay"":0,""distance_mode"":""exact"",""name"":""view_00_exact_exact_d0"",""speed_mode"":""exact""},""replay_order"":""not_applicable"",""sample_rank"":1}"
agent_policy_008_1cf1eb5b18,agent_policy,8,flip_action_at_margin,"{""agent"":""speed_only"",""margin"":-2}",1,1,1,1,9216,453,2304,108,57,0,0,0,"{""agent"":""speed_only"",""difference"":{""observed_length"":4,""observed_step"":[[1,1,0,0],""brake"",""win""],""oracle_length"":5,""oracle_step"":[[1,1,0,0],""coast"",""running""],""step_index"":3},""family"":""agent_policy"",""kernel"":{""brake_force"":1,""friction"":0,""goal_end"":5,""goal_start"":4,""horizon"":8,""name"":""brake_0000"",""start_position"":0,""start_speed"":3},""kind"":""randomized_mutation_trace"",""mutant_signature_mask"":42,""mutation_id"":""agent_policy_008_1cf1eb5b18"",""observed_trace_sha256"":""7f7f2cf5aa86f10613d3361560513c1f45e3a5d248846073e0ff4579fd8960e0"",""operator"":""flip_action_at_margin"",""oracle_signature_mask"":42,""oracle_trace_sha256"":""f49959a67f91dca7fd49e3c499c80d68b3a98a6dd9f496e8e3d84b3d8b717bac"",""parameters"":{""agent"":""speed_only"",""margin"":-2},""presentation"":{""delay"":1,""distance_mode"":""exact"",""name"":""view_01_exact_exact_d1"",""speed_mode"":""exact""},""replay_order"":""not_applicable"",""sample_rank"":0}"
agent_policy_009_c70bc2ceea,agent_policy,9,threshold_shift,"{""agent"":""instant_stop"",""threshold_shift"":-2}",1,1,1,1,9216,559,2304,359,92,0,0,0,"{""agent"":""instant_stop"",""difference"":{""observed_length"":3,""observed_step"":[[3,4,0,0],""brake"",""running""],""oracle_length"":3,""oracle_step"":[[3,4,0,0],""coast"",""running""],""step_index"":0},""family"":""agent_policy"",""kernel"":{""brake_force"":1,""friction"":0,""goal_end"":5,""goal_start"":4,""horizon"":8,""name"":""brake_0000"",""start_position"":0,""start_speed"":3},""kind"":""randomized_mutation_trace"",""mutant_signature_mask"":59,""mutation_id"":""agent_policy_009_c70bc2ceea"",""observed_trace_sha256"":""1189924cc9b6c0efd1f55935ef6354fd91e9c36e9657456822b48050bf88d3c2"",""operator"":""threshold_shift"",""oracle_signature_mask"":42,""oracle_trace_sha256"":""9f9c2ae8a8d990ef3b4923626cdb1415dad2a614e8dadb3aa8931dedb72bee38"",""parameters"":{""agent"":""instant_stop"",""threshold_shift"":-2},""presentation"":{""delay"":0,""distance_mode"":""exact"",""name"":""view_00_exact_exact_d0"",""speed_mode"":""exact""},""replay_order"":""not_applicable"",""sample_rank"":0}"
agent_policy_010_2150e2b294,agent_policy,10,threshold_shift,"{""agent"":""speed_only"",""threshold_shift"":2}",1,1,1,1,9216,1293,2304,546,92,0,0,0,"{""agent"":""speed_only"",""difference"":{""observed_length"":2,""observed_step"":[[3,4,0,0],""coast"",""running""],""oracle_length"":3,""oracle_step"":[[3,4,0,0],""brake"",""running""],""step_index"":0},""family"":""agent_policy"",""kernel"":{""brake_force"":1,""friction"":0,""goal_end"":5,""goal_start"":4,""horizon"":8,""name"":""brake_0000"",""start_position"":0,""start_speed"":3},""kind"":""randomized_mutation_trace"",""mutant_signature_mask"":42,""mutation_id"":""agent_policy_010_2150e2b294"",""observed_trace_sha256"":""3b839408d6ddcb9f0d74be72e11ebbeaaddc3e547fe0d32c1c619b87bc0531ef"",""operator"":""threshold_shift"",""oracle_signature_mask"":42,""oracle_trace_sha256"":""c06c3daf1d5c41f24a086c5baec0174e293c71f2406ac82d772f90355d785685"",""parameters"":{""agent"":""speed_only"",""threshold_shift"":2},""presentation"":{""delay"":0,""distance_mode"":""exact"",""name"":""view_00_exact_exact_d0"",""speed_mode"":""exact""},""replay_order"":""not_applicable"",""sample_rank"":0}"
agent_policy_011_3b94d03f7c,agent_policy,11,threshold_shift,"{""agent"":""instant_stop"",""threshold_shift"":3}",1,1,1,1,9216,1116,2304,871,109,0,0,0,"{""agent"":""instant_stop"",""difference"":{""observed_length"":2,""observed_step"":[[3,1,0,0],""coast"",""overshoot""],""oracle_length"":3,""oracle_step"":[[3,1,0,0],""brake"",""running""],""step_index"":1},""family"":""agent_policy"",""kernel"":{""brake_force"":1,""friction"":0,""goal_end"":5,""goal_start"":4,""horizon"":8,""name"":""brake_0000"",""start_position"":0,""start_speed"":3},""kind"":""randomized_mutation_trace"",""mutant_signature_mask"":59,""mutation_id"":""agent_policy_011_3b94d03f7c"",""observed_trace_sha256"":""3b839408d6ddcb9f0d74be72e11ebbeaaddc3e547fe0d32c1c619b87bc0531ef"",""operator"":""threshold_shift"",""oracle_signature_mask"":42,""oracle_trace_sha256"":""9f9c2ae8a8d990ef3b4923626cdb1415dad2a614e8dadb3aa8931dedb72bee38"",""parameters"":{""agent"":""instant_stop"",""threshold_shift"":3},""presentation"":{""delay"":0,""distance_mode"":""exact"",""name"":""view_00_exact_exact_d0"",""speed_mode"":""exact""},""replay_order"":""not_applicable"",""sample_rank"":0}"
agent_policy_012_c2fe4f451d,agent_policy,12,threshold_shift,"{""agent"":""friction_blind"",""threshold_shift"":1}",1,1,1,1,9216,809,2304,566,113,0,0,0,"{""agent"":""friction_blind"",""difference"":{""observed_length"":3,""observed_step"":[[3,3,0,0],""coast"",""running""],""oracle_length"":3,""oracle_step"":[[3,3,0,0],""brake"",""running""],""step_index"":0},""family"":""agent_policy"",""kernel"":{""brake_force"":1,""friction"":0,""goal_end"":5,""goal_start"":4,""horizon"":8,""name"":""brake_0000"",""start_position"":0,""start_speed"":3},""kind"":""randomized_mutation_trace"",""mutant_signature_mask"":62,""mutation_id"":""agent_policy_012_c2fe4f451d"",""observed_trace_sha256"":""234f005c85c1c73c53e8300ab4e590daaf411abe71a36c00721a846397b87bd7"",""operator"":""threshold_shift"",""oracle_signature_mask"":42,""oracle_trace_sha256"":""134fc2a2048b0ed859431823fbdee03307851d1f8288fbc91440d5d15255834b"",""parameters"":{""agent"":""friction_blind"",""threshold_shift"":1},""presentation"":{""delay"":0,""distance_mode"":""coarse"",""name"":""view_02_exact_coarse_d0"",""speed_mode"":""exact""},""replay_order"":""not_applicable"",""sample_rank"":0}"
agent_policy_013_1ea2e08e26,agent_policy,13,threshold_shift,"{""agent"":""reference"",""threshold_shift"":-2}",1,1,1,1,9216,913,2304,778,96,0,0,0,"{""agent"":""reference"",""difference"":{""observed_length"":3,""observed_step"":[[3,4,0,0],""brake"",""running""],""oracle_length"":3,""oracle_step"":[[3,4,0,0],""coast"",""running""],""step_index"":0},""family"":""agent_policy"",""kernel"":{""brake_force"":1,""friction"":0,""goal_end"":5,""goal_start"":4,""horizon"":8,""name"":""brake_0000"",""start_position"":0,""start_speed"":3},""kind"":""randomized_mutation_trace"",""mutant_signature_mask"":47,""mutation_id"":""agent_policy_013_1ea2e08e26"",""observed_trace_sha256"":""1189924cc9b6c0efd1f55935ef6354fd91e9c36e9657456822b48050bf88d3c2"",""operator"":""threshold_shift"",""oracle_signature_mask"":42,""oracle_trace_sha256"":""9f9c2ae8a8d990ef3b4923626cdb1415dad2a614e8dadb3aa8931dedb72bee38"",""parameters"":{""agent"":""reference"",""threshold_shift"":-2},""presentation"":{""delay"":0,""distance_mode"":""exact"",""name"":""view_00_exact_exact_d0"",""speed_mode"":""exact""},""replay_order"":""not_applicable"",""sample_rank"":0}"
agent_policy_014_3bf37fb805,agent_policy,14,flip_action_at_margin,"{""agent"":""reference"",""margin"":-2}",1,1,1,1,9216,495,2304,395,81,0,0,0,"{""agent"":""reference"",""difference"":{""observed_length"":3,""observed_step"":[[2,3,0,0],""brake"",""running""],""oracle_length"":3,""oracle_step"":[[2,3,0,0],""coast"",""running""],""step_index"":0},""family"":""agent_policy"",""kernel"":{""brake_force"":1,""friction"":0,""goal_end"":5,""goal_start"":4,""horizon"":8,""name"":""brake_0000"",""start_position"":0,""start_speed"":3},""kind"":""randomized_mutation_trace"",""mutant_signature_mask"":47,""mutation_id"":""agent_policy_014_3bf37fb805"",""observed_trace_sha256"":""409ca178234613d9877870de8d06eec906d746aa8828f7b0c09cb2bba7840e3e"",""operator"":""flip_action_at_margin"",""oracle_signature_mask"":42,""oracle_trace_sha256"":""5f67fdfdbaa979dd73a942b661c37454ebf3f5809e097147b3fd5c82224cb577"",""parameters"":{""agent"":""reference"",""margin"":-2},""presentation"":{""delay"":0,""distance_mode"":""coarse"",""name"":""view_08_coarse_coarse_d0"",""speed_mode"":""coarse""},""replay_order"":""not_applicable"",""sample_rank"":0}"
agent_policy_015_5395acb57f,agent_policy,15,flip_action_at_margin,"{""agent"":""friction_blind"",""margin"":-2}",1,1,1,1,9216,464,2304,328,82,0,0,0,"{""agent"":""friction_blind"",""difference"":{""observed_length"":3,""observed_step"":[[2,3,0,0],""brake"",""running""],""oracle_length"":3,""oracle_step"":[[2,3,0,0],""coast"",""running""],""step_index"":0},""family"":""agent_policy"",""kernel"":{""brake_force"":1,""friction"":0,""goal_end"":5,""goal_start"":4,""horizon"":8,""name"":""brake_0000"",""start_position"":0,""start_speed"":3},""kind"":""randomized_mutation_trace"",""mutant_signature_mask"":62,""mutation_id"":""agent_policy_015_5395acb57f"",""observed_trace_sha256"":""409ca178234613d9877870de8d06eec906d746aa8828f7b0c09cb2bba7840e3e"",""operator"":""flip_action_at_margin"",""oracle_signature_mask"":42,""oracle_trace_sha256"":""5f67fdfdbaa979dd73a942b661c37454ebf3f5809e097147b3fd5c82224cb577"",""parameters"":{""agent"":""friction_blind"",""margin"":-2},""presentation"":{""delay"":0,""distance_mode"":""coarse"",""name"":""view_08_coarse_coarse_d0"",""speed_mode"":""coarse""},""replay_order"":""not_applicable"",""sample_rank"":0}"
agent_policy_016_5010b6b273,agent_policy,16,threshold_shift,"{""agent"":""instant_stop"",""threshold_shift"":-3}",1,1,1,1,9216,857,2304,571,95,0,0,0,"{""agent"":""instant_stop"",""difference"":{""observed_length"":3,""observed_step"":[[3,4,0,0],""brake"",""running""],""oracle_length"":3,""oracle_step"":[[3,4,0,0],""coast"",""running""],""step_index"":0},""family"":""agent_policy"",""kernel"":{""brake_force"":1,""friction"":0,""goal_end"":5,""goal_start"":4,""horizon"":8,""name"":""brake_0000"",""start_position"":0,""start_speed"":3},""kind"":""randomized_mutation_trace"",""mutant_signature_mask"":59,""mutation_id"":""agent_policy_016_5010b6b273"",""observed_trace_sha256"":""1189924cc9b6c0efd1f55935ef6354fd91e9c36e9657456822b48050bf88d3c2"",""operator"":""threshold_shift"",""oracle_signature_mask"":42,""oracle_trace_sha256"":""9f9c2ae8a8d990ef3b4923626cdb1415dad2a614e8dadb3aa8931dedb72bee38"",""parameters"":{""agent"":""instant_stop"",""threshold_shift"":-3},""presentation"":{""delay"":0,""distance_mode"":""exact"",""name"":""view_00_exact_exact_d0"",""speed_mode"":""exact""},""replay_order"":""not_applicable"",""sample_rank"":0}"
agent_policy_017_de7acba9f2,agent_policy,17,threshold_shift,"{""agent"":""speed_only"",""threshold_shift"":-2}",1,1,1,1,9216,1266,2304,430,107,0,0,0,"{""agent"":""speed_only"",""difference"":{""observed_length"":3,""observed_step"":[[2,2,0,0],""brake"",""running""],""oracle_length"":3,""oracle_step"":[[2,2,0,0],""coast"",""running""],""step_index"":1},""family"":""agent_policy"",""kernel"":{""brake_force"":1,""friction"":0,""goal_end"":5,""goal_start"":4,""horizon"":8,""name"":""brake_0000"",""start_position"":0,""start_speed"":3},""kind"":""randomized_mutation_trace"",""mutant_signature_mask"":42,""mutation_id"":""agent_policy_017_de7acba9f2"",""observed_trace_sha256"":""1189924cc9b6c0efd1f55935ef6354fd91e9c36e9657456822b48050bf88d3c2"",""operator"":""threshold_shift"",""oracle_signature_mask"":42,""oracle_trace_sha256"":""c06c3daf1d5c41f24a086c5baec0174e293c71f2406ac82d772f90355d785685"",""parameters"":{""agent"":""speed_only"",""threshold_shift"":-2},""presentation"":{""delay"":0,""distance_mode"":""exact"",""name"":""view_00_exact_exact_d0"",""speed_mode"":""exact""},""replay_order"":""not_applicable"",""sample_rank"":0}"
agent_policy_018_1b4e603ede,agent_policy,18,flip_action_at_margin,"{""agent"":""instant_stop"",""margin"":-2}",1,1,1,1,9216,334,2304,198,83,0,0,0,"{""agent"":""instant_stop"",""difference"":{""observed_length"":3,""observed_step"":[[2,4,0,0],""brake"",""running""],""oracle_length"":3,""oracle_step"":[[2,4,0,0],""coast"",""running""],""step_index"":0},""family"":""agent_policy"",""kernel"":{""brake_force"":1,""friction"":0,""goal_end"":5,""goal_start"":4,""horizon"":8,""name"":""brake_0000"",""start_position"":0,""start_speed"":3},""kind"":""randomized_mutation_trace"",""mutant_signature_mask"":59,""mutation_id"":""agent_policy_018_1b4e603ede"",""observed_trace_sha256"":""2f2bfb12b5fb3721f7ff423a9b04ccabc4ccaedf70b639e6dcef06d4d7386255"",""operator"":""flip_action_at_margin"",""oracle_signature_mask"":42,""oracle_trace_sha256"":""11c6d730f5e26d66e085bb30f3c388390332582ff00d0ac5b51eed405d6c094f"",""parameters"":{""agent"":""instant_stop"",""margin"":-2},""presentation"":{""delay"":0,""distance_mode"":""exact"",""name"":""view_06_coarse_exact_d0"",""speed_mode"":""coarse""},""replay_order"":""not_applicable"",""sample_rank"":0}"
agent_policy_019_cee6c53ca1,agent_policy,19,flip_action_at_margin,"{""agent"":""reference"",""margin"":-1}",1,1,1,1,9216,451,2304,377,64,0,0,0,"{""agent"":""reference"",""difference"":{""observed_length"":3,""observed_step"":[[3,4,0,0],""brake"",""running""],""oracle_length"":3,""oracle_step"":[[3,4,0,0],""coast"",""running""],""step_index"":0},""family"":""agent_policy"",""kernel"":{""brake_force"":1,""friction"":0,""goal_end"":5,""goal_start"":4,""horizon"":8,""name"":""brake_0000"",""start_position"":0,""start_speed"":3},""kind"":""randomized_mutation_trace"",""mutant_signature_mask"":47,""mutation_id"":""agent_policy_019_cee6c53ca1"",""observed_trace_sha256"":""1189924cc9b6c0efd1f55935ef6354fd91e9c36e9657456822b48050bf88d3c2"",""operator"":""flip_action_at_margin"",""oracle_signature_mask"":42,""oracle_trace_sha256"":""9f9c2ae8a8d990ef3b4923626cdb1415dad2a614e8dadb3aa8931dedb72bee38"",""parameters"":{""agent"":""reference"",""margin"":-1},""presentation"":{""delay"":0,""distance_mode"":""exact"",""name"":""view_00_exact_exact_d0"",""speed_mode"":""exact""},""replay_order"":""not_applicable"",""sample_rank"":0}"
boundary_offset_000_88b4a16fb0,boundary_offset,0,boundary_offsets,"{""offsets"":{""terminal_horizon"":1}}",1,1,1,0,9216,288,2304,0,26,0,0,0,"{""agent"":""speed_only"",""difference"":{""observed_length"":11,""observed_step"":[[1,5,0,0],""coast"",""running""],""oracle_length"":10,""oracle_step"":[[1,5,0,0],""coast"",""timeout""],""step_index"":9},""family"":""boundary_offset"",""kernel"":{""brake_force"":4,""friction"":0,""goal_end"":19,""goal_start"":18,""horizon"":10,""name"":""brake_10170"",""start_position"":0,""start_speed"":9},""kind"":""randomized_mutation_trace"",""mutant_signature_mask"":59,""mutation_id"":""boundary_offset_000_88b4a16fb0"",""observed_trace_sha256"":""31404e3fb9b9a0716a60ff88311e2717db852e0da195ef854ad03d83d7ae9a06"",""operator"":""boundary_offsets"",""oracle_signature_mask"":59,""oracle_trace_sha256"":""8f1e9363492c79d489f9a74428c4a75924a51d4de7822471aa4c4c8b9c36f601"",""parameters"":{""offsets"":{""terminal_horizon"":1}},""presentation"":{""delay"":0,""distance_mode"":""exact"",""name"":""view_00_exact_exact_d0"",""speed_mode"":""exact""},""replay_order"":""not_applicable"",""sample_rank"":31}"
boundary_offset_001_7ecc377473,boundary_offset,1,boundary_offsets,"{""offsets"":{""terminal_goal_end"":-1,""terminal_overshoot_end"":1}}",1,1,1,1,9216,2434,2304,59,108,0,0,0,"{""agent"":""reference"",""difference"":{""observed_length"":4,""observed_step"":[[2,0,1,0],""brake"",""running""],""oracle_length"":3,""oracle_step"":[[2,0,1,0],""brake"",""overshoot""],""step_index"":2},""family"":""boundary_offset"",""kernel"":{""brake_force"":1,""friction"":0,""goal_end"":5,""goal_start"":4,""horizon"":8,""name"":""brake_0000"",""start_position"":0,""start_speed"":3},""kind"":""randomized_mutation_trace"",""mutant_signature_mask"":42,""mutation_id"":""boundary_offset_001_7ecc377473"",""observed_trace_sha256"":""39c91d55b34d02dc74628a64f0791f48302a043bd16fed8690442ad2d10d33d3"",""operator"":""boundary_offsets"",""oracle_signature_mask"":42,""oracle_trace_sha256"":""9f9c2ae8a8d990ef3b4923626cdb1415dad2a614e8dadb3aa8931dedb72bee38"",""parameters"":{""offsets"":{""terminal_goal_end"":-1,""terminal_overshoot_end"":1}},""presentation"":{""delay"":0,""distance_mode"":""exact"",""name"":""view_00_exact_exact_d0"",""speed_mode"":""exact""},""replay_order"":""not_applicable"",""sample_rank"":0}"
boundary_offset_002_8fbee4a5ea,boundary_offset,2,boundary_offsets,"{""offsets"":{""terminal_goal_end"":-1}}",1,1,1,0,9216,689,2304,0,46,0,0,0,"{""agent"":""reference"",""difference"":{""observed_length"":3,""observed_step"":[[3,1,0,0],""brake"",""stopped""],""oracle_length"":3,""oracle_step"":[[3,1,0,0],""brake"",""win""],""step_index"":2},""family"":""boundary_offset"",""kernel"":{""brake_force"":1,""friction"":1,""goal_end"":5,""goal_start"":4,""horizon"":8,""name"":""brake_0004"",""start_position"":0,""start_speed"":4},""kind"":""randomized_mutation_trace"",""mutant_signature_mask"":7,""mutation_id"":""boundary_offset_002_8fbee4a5ea"",""observed_trace_sha256"":""06693afc8d10fae132f2ebbe937c6530a13cc35ee9314319353ceb3b7c444a6c"",""operator"":""boundary_offsets"",""oracle_signature_mask"":7,""oracle_trace_sha256"":""793e80831245a9eb4917bd41df2f014cdc693088bad81213f49fa5f2f0ac0fe7"",""parameters"":{""offsets"":{""terminal_goal_end"":-1}},""presentation"":{""delay"":1,""distance_mode"":""exact"",""name"":""view_01_exact_exact_d1"",""speed_mode"":""exact""},""replay_order"":""not_applicable"",""sample_rank"":1}"
boundary_offset_003_feed9e7d95,boundary_offset,3,boundary_offsets,"{""offsets"":{""observation_goal_end"":-1,""terminal_overshoot_end"":1}}",1,1,1,1,9216,2324,2304,59,113,0,0,0,"{""agent"":""reference"",""difference"":{""observed_length"":4,""observed_step"":[[2,0,0,0],""brake"",""running""],""oracle_length"":3,""oracle_step"":[[2,0,1,0],""brake"",""overshoot""],""step_index"":2},""family"":""boundary_offset"",""kernel"":{""brake_force"":1,""friction"":0,""goal_end"":5,""goal_start"":4,""horizon"":8,""name"":""brake_0000"",""start_position"":0,""start_speed"":3},""kind"":""randomized_mutation_trace"",""mutant_signature_mask"":42,""mutation_id"":""boundary_offset_003_feed9e7d95"",""observed_trace_sha256"":""dddc5bc45d822edac2d3f05314954bf8d10384c5f684433abacfc78c48edf967"",""operator"":""boundary_offsets"",""oracle_signature_mask"":42,""oracle_trace_sha256"":""9f9c2ae8a8d990ef3b4923626cdb1415dad2a614e8dadb3aa8931dedb72bee38"",""parameters"":{""offsets"":{""observation_goal_end"":-1,""terminal_overshoot_end"":1}},""presentation"":{""delay"":0,""distance_mode"":""exact"",""name"":""view_00_exact_exact_d0"",""speed_mode"":""exact""},""replay_order"":""not_applicable"",""sample_rank"":0}"
boundary_offset_004_b39335ff0e,boundary_offset,4,boundary_offsets,"{""offsets"":{""observation_goal_start"":1}}",1,1,1,0,9216,1747,2304,0,96,0,0,0,"{""agent"":""speed_only"",""difference"":{""observed_length"":3,""observed_step"":[[2,0,0,0],""coast"",""overshoot""],""oracle_length"":3,""oracle_step"":[[2,0,1,0],""coast"",""overshoot""],""step_index"":2},""family"":""boundary_offset"",""kernel"":{""brake_force"":1,""friction"":0,""goal_end"":5,""goal_start"":4,""horizon"":8,""name"":""brake_0000"",""start_position"":0,""start_speed"":3},""kind"":""randomized_mutation_trace"",""mutant_signature_mask"":42,""mutation_id"":""boundary_offset_004_b39335ff0e"",""observed_trace_sha256"":""5a89de518c04b1bb8d9d6606cb6ee7528580c6e13abb5ee03366d2e1d8901529"",""operator"":""boundary_offsets"",""oracle_signature_mask"":42,""oracle_trace_sha256"":""c06c3daf1d5c41f24a086c5baec0174e293c71f2406ac82d772f90355d785685"",""parameters"":{""offsets"":{""observation_goal_start"":1}},""presentation"":{""delay"":0,""distance_mode"":""exact"",""name"":""view_00_exact_exact_d0"",""speed_mode"":""exact""},""replay_order"":""not_applicable"",""sample_rank"":0}"
boundary_offset_005_3a631a37e5,boundary_offset,5,boundary_offsets,"{""offsets"":{""terminal_goal_start"":1,""terminal_overshoot_end"":-1}}",1,1,1,1,9216,2411,2304,40,110,0,0,0,"{""agent"":""reference"",""difference"":{""observed_length"":2,""observed_step"":[[3,1,0,0],""brake"",""overshoot""],""oracle_length"":3,""oracle_step"":[[3,1,0,0],""brake"",""running""],""step_index"":1},""family"":""boundary_offset"",""kernel"":{""brake_force"":1,""friction"":0,""goal_end"":5,""goal_start"":4,""horizon"":8,""name"":""brake_0000"",""start_position"":0,""start_speed"":3},""kind"":""randomized_mutation_trace"",""mutant_signature_mask"":42,""mutation_id"":""boundary_offset_005_3a631a37e5"",""observed_trace_sha256"":""eb12ac0ac6079fbae7ea6bfdf61835e87a23197c0d9a7e0fc2f3454376f0143a"",""operator"":""boundary_offsets"",""oracle_signature_mask"":42,""oracle_trace_sha256"":""9f9c2ae8a8d990ef3b4923626cdb1415dad2a614e8dadb3aa8931dedb72bee38"",""parameters"":{""offsets"":{""terminal_goal_start"":1,""terminal_overshoot_end"":-1}},""presentation"":{""delay"":0,""distance_mode"":""exact"",""name"":""view_00_exact_exact_d0"",""speed_mode"":""exact""},""replay_order"":""not_applicable"",""sample_rank"":0}"
boundary_offset_006_746b946c40,boundary_offset,6,boundary_offsets,"{""offsets"":{""observation_goal_start"":-1}}",1,1,1,0,9216,1315,2304,0,64,0,0,0,"{""agent"":""reference"",""difference"":{""observed_length"":3,""observed_step"":[[3,1,1,0],""brake"",""running""],""oracle_length"":3,""oracle_step"":[[3,1,0,0],""brake"",""running""],""step_index"":1},""family"":""boundary_offset"",""kernel"":{""brake_force"":1,""friction"":0,""goal_end"":5,""goal_start"":4,""horizon"":8,""name"":""brake_0000"",""start_position"":0,""start_speed"":3},""kind"":""randomized_mutation_trace"",""mutant_signature_mask"":42,""mutation_id"":""boundary_offset_006_746b946c40"",""observed_trace_sha256"":""54e0cd13a4f8a7abb0e4295bd56c2bbf096bd806ecddbf016d4d9d8b572107d9"",""operator"":""boundary_offsets"",""oracle_signature_mask"":42,""oracle_trace_sha256"":""9f9c2ae8a8d990ef3b4923626cdb1415dad2a614e8dadb3aa8931dedb72bee38"",""parameters"":{""offsets"":{""observation_goal_start"":-1}},""presentation"":{""delay"":0,""distance_mode"":""exact"",""name"":""view_00_exact_exact_d0"",""speed_mode"":""exact""},""replay_order"":""not_applicable"",""sample_rank"":0}"
boundary_offset_007_2cb056c703,boundary_offset,7,boundary_offsets,"{""offsets"":{""observation_goal_start"":1,""terminal_goal_start"":-1}}",1,1,1,0,9216,2244,2304,0,109,0,0,0,"{""agent"":""speed_only"",""difference"":{""observed_length"":3,""observed_step"":[[2,0,0,0],""coast"",""overshoot""],""oracle_length"":3,""oracle_step"":[[2,0,1,0],""coast"",""overshoot""],""step_index"":2},""family"":""boundary_offset"",""kernel"":{""brake_force"":1,""friction"":0,""goal_end"":5,""goal_start"":4,""horizon"":8,""name"":""brake_0000"",""start_position"":0,""start_speed"":3},""kind"":""randomized_mutation_trace"",""mutant_signature_mask"":42,""mutation_id"":""boundary_offset_007_2cb056c703"",""observed_trace_sha256"":""5a89de518c04b1bb8d9d6606cb6ee7528580c6e13abb5ee03366d2e1d8901529"",""operator"":""boundary_offsets"",""oracle_signature_mask"":42,""oracle_trace_sha256"":""c06c3daf1d5c41f24a086c5baec0174e293c71f2406ac82d772f90355d785685"",""parameters"":{""offsets"":{""observation_goal_start"":1,""terminal_goal_start"":-1}},""presentation"":{""delay"":0,""distance_mode"":""exact"",""name"":""view_00_exact_exact_d0"",""speed_mode"":""exact""},""replay_order"":""not_applicable"",""sample_rank"":0}"
boundary_offset_008_7c810fe0a8,boundary_offset,8,boundary_offsets,"{""offsets"":{""terminal_overshoot_end"":-1}}",1,1,1,1,9216,1429,2304,40,70,0,0,0,"{""agent"":""reference"",""difference"":{""observed_length"":2,""observed_step"":[[3,1,0,0],""brake"",""overshoot""],""oracle_length"":3,""oracle_step"":[[3,1,0,0],""brake"",""running""],""step_index"":1},""family"":""boundary_offset"",""kernel"":{""brake_force"":1,""friction"":0,""goal_end"":5,""goal_start"":4,""horizon"":8,""name"":""brake_0000"",""start_position"":0,""start_speed"":3},""kind"":""randomized_mutation_trace"",""mutant_signature_mask"":42,""mutation_id"":""boundary_offset_008_7c810fe0a8"",""observed_trace_sha256"":""eb12ac0ac6079fbae7ea6bfdf61835e87a23197c0d9a7e0fc2f3454376f0143a"",""operator"":""boundary_offsets"",""oracle_signature_mask"":42,""oracle_trace_sha256"":""9f9c2ae8a8d990ef3b4923626cdb1415dad2a614e8dadb3aa8931dedb72bee38"",""parameters"":{""offsets"":{""terminal_overshoot_end"":-1}},""presentation"":{""delay"":0,""distance_mode"":""exact"",""name"":""view_00_exact_exact_d0"",""speed_mode"":""exact""},""replay_order"":""not_applicable"",""sample_rank"":0}"
boundary_offset_009_270303aa0e,boundary_offset,9,boundary_offsets,"{""offsets"":{""terminal_horizon"":-1}}",1,1,1,1,9216,362,2304,3,29,0,0,0,"{""agent"":""speed_only"",""difference"":{""observed_length"":9,""observed_step"":[[1,6,0,0],""coast"",""timeout""],""oracle_length"":10,""oracle_step"":[[1,6,0,0],""coast"",""running""],""step_index"":8},""family"":""boundary_offset"",""kernel"":{""brake_force"":4,""friction"":0,""goal_end"":19,""goal_start"":18,""horizon"":10,""name"":""brake_10170"",""start_position"":0,""start_speed"":9},""kind"":""randomized_mutation_trace"",""mutant_signature_mask"":59,""mutation_id"":""boundary_offset_009_270303aa0e"",""observed_trace_sha256"":""dfba9b8f2fb82935ae509b7141bd8ad9f75399ab05a330d901d68b60147e840e"",""operator"":""boundary_offsets"",""oracle_signature_mask"":59,""oracle_trace_sha256"":""8f1e9363492c79d489f9a74428c4a75924a51d4de7822471aa4c4c8b9c36f601"",""parameters"":{""offsets"":{""terminal_horizon"":-1}},""presentation"":{""delay"":0,""distance_mode"":""exact"",""name"":""view_00_exact_exact_d0"",""speed_mode"":""exact""},""replay_order"":""not_applicable"",""sample_rank"":31}"
boundary_offset_010_be404988a9,boundary_offset,10,boundary_offsets,"{""offsets"":{""observation_distance_goal_start"":1,""terminal_overshoot_end"":-1}}",1,1,1,1,9216,5083,2304,313,128,0,0,0,"{""agent"":""reference"",""difference"":{""observed_length"":2,""observed_step"":[[3,5,0,0],""coast"",""running""],""oracle_length"":3,""oracle_step"":[[3,4,0,0],""coast"",""running""],""step_index"":0},""family"":""boundary_offset"",""kernel"":{""brake_force"":1,""friction"":0,""goal_end"":5,""goal_start"":4,""horizon"":8,""name"":""brake_0000"",""start_position"":0,""start_speed"":3},""kind"":""randomized_mutation_trace"",""mutant_signature_mask"":42,""mutation_id"":""boundary_offset_010_be404988a9"",""observed_trace_sha256"":""b1d7583cbe566be5fa66edb16c7edd8c557a8c2b297e17ec3d4ee131b4f1ca94"",""operator"":""boundary_offsets"",""oracle_signature_mask"":42,""oracle_trace_sha256"":""9f9c2ae8a8d990ef3b4923626cdb1415dad2a614e8dadb3aa8931dedb72bee38"",""parameters"":{""offsets"":{""observation_distance_goal_start"":1,""terminal_overshoot_end"":-1}},""presentation"":{""delay"":0,""distance_mode"":""exact"",""name"":""view_00_exact_exact_d0"",""speed_mode"":""exact""},""replay_order"":""not_applicable"",""sample_rank"":0}"
boundary_offset_011_994565e0ac,boundary_offset,11,boundary_offsets,"{""offsets"":{""terminal_goal_end"":1,""terminal_overshoot_end"":1}}",1,1,1,1,9216,1745,2304,59,95,0,0,0,"{""agent"":""reference"",""difference"":{""observed_length"":4,""observed_step"":[[2,0,1,0],""brake"",""running""],""oracle_length"":3,""oracle_step"":[[2,0,1,0],""brake"",""overshoot""],""step_index"":2},""family"":""boundary_offset"",""kernel"":{""brake_force"":1,""friction"":0,""goal_end"":5,""goal_start"":4,""horizon"":8,""name"":""brake_0000"",""start_position"":0,""start_speed"":3},""kind"":""randomized_mutation_trace"",""mutant_signature_mask"":42,""mutation_id"":""boundary_offset_011_994565e0ac"",""observed_trace_sha256"":""b626cc5296642fdc7d5176785a9d95def24269c02ec0b6b8d88053882a1d54ea"",""operator"":""boundary_offsets"",""oracle_signature_mask"":42,""oracle_trace_sha256"":""9f9c2ae8a8d990ef3b4923626cdb1415dad2a614e8dadb3aa8931dedb72bee38"",""parameters"":{""offsets"":{""terminal_goal_end"":1,""terminal_overshoot_end"":1}},""presentation"":{""delay"":0,""distance_mode"":""exact"",""name"":""view_00_exact_exact_d0"",""speed_mode"":""exact""},""replay_order"":""not_applicable"",""sample_rank"":0}"
boundary_offset_012_a613dfb085,boundary_offset,12,boundary_offsets,"{""offsets"":{""terminal_horizon"":-1,""terminal_overshoot_end"":1}}",1,1,1,1,9216,2095,2304,62,100,0,0,0,"{""agent"":""reference"",""difference"":{""observed_length"":4,""observed_step"":[[2,0,1,0],""brake"",""running""],""oracle_length"":3,""oracle_step"":[[2,0,1,0],""brake"",""overshoot""],""step_index"":2},""family"":""boundary_offset"",""kernel"":{""brake_force"":1,""friction"":0,""goal_end"":5,""goal_start"":4,""horizon"":8,""name"":""brake_0000"",""start_position"":0,""start_speed"":3},""kind"":""randomized_mutation_trace"",""mutant_signature_mask"":42,""mutation_id"":""boundary_offset_012_a613dfb085"",""observed_trace_sha256"":""39c91d55b34d02dc74628a64f0791f48302a043bd16fed8690442ad2d10d33d3"",""operator"":""boundary_offsets"",""oracle_signature_mask"":42,""oracle_trace_sha256"":""9f9c2ae8a8d990ef3b4923626cdb1415dad2a614e8dadb3aa8931dedb72bee38"",""parameters"":{""offsets"":{""terminal_horizon"":-1,""terminal_overshoot_end"":1}},""presentation"":{""delay"":0,""distance_mode"":""exact"",""name"":""view_00_exact_exact_d0"",""speed_mode"":""exact""},""replay_order"":""not_applicable"",""sample_rank"":0}"
boundary_offset_013_919ef29ce1,boundary_offset,13,boundary_offsets,"{""offsets"":{""observation_distance_goal_start"":1}}",1,1,1,1,9216,4384,2304,288,128,0,0,0,"{""agent"":""reference"",""difference"":{""observed_length"":3,""observed_step"":[[3,5,0,0],""coast"",""running""],""oracle_length"":3,""oracle_step"":[[3,4,0,0],""coast"",""running""],""step_index"":0},""family"":""boundary_offset"",""kernel"":{""brake_force"":1,""friction"":0,""goal_end"":5,""goal_start"":4,""horizon"":8,""name"":""brake_0000"",""start_position"":0,""start_speed"":3},""kind"":""randomized_mutation_trace"",""mutant_signature_mask"":42,""mutation_id"":""boundary_offset_013_919ef29ce1"",""observed_trace_sha256"":""952d9e77ad37469570a9c13454606dbb1a706bb77f54e37d09bf5f554fe02f52"",""operator"":""boundary_offsets"",""oracle_signature_mask"":42,""oracle_trace_sha256"":""9f9c2ae8a8d990ef3b4923626cdb1415dad2a614e8dadb3aa8931dedb72bee38"",""parameters"":{""offsets"":{""observation_distance_goal_start"":1}},""presentation"":{""delay"":0,""distance_mode"":""exact"",""name"":""view_00_exact_exact_d0"",""speed_mode"":""exact""},""replay_order"":""not_applicable"",""sample_rank"":0}"
boundary_offset_014_0232e2e45e,boundary_offset,14,boundary_offsets,"{""offsets"":{""observation_goal_end"":1,""terminal_overshoot_end"":-1}}",1,1,1,1,9216,1429,2304,40,70,0,0,0,"{""agent"":""reference"",""difference"":{""observed_length"":2,""observed_step"":[[3,1,0,0],""brake"",""overshoot""],""oracle_length"":3,""oracle_step"":[[3,1,0,0],""brake"",""running""],""step_index"":1},""family"":""boundary_offset"",""kernel"":{""brake_force"":1,""friction"":0,""goal_end"":5,""goal_start"":4,""horizon"":8,""name"":""brake_0000"",""start_position"":0,""start_speed"":3},""kind"":""randomized_mutation_trace"",""mutant_signature_mask"":42,""mutation_id"":""boundary_offset_014_0232e2e45e"",""observed_trace_sha256"":""eb12ac0ac6079fbae7ea6bfdf61835e87a23197c0d9a7e0fc2f3454376f0143a"",""operator"":""boundary_offsets"",""oracle_signature_mask"":42,""oracle_trace_sha256"":""9f9c2ae8a8d990ef3b4923626cdb1415dad2a614e8dadb3aa8931dedb72bee38"",""parameters"":{""offsets"":{""observation_goal_end"":1,""terminal_overshoot_end"":-1}},""presentation"":{""delay"":0,""distance_mode"":""exact"",""name"":""view_00_exact_exact_d0"",""speed_mode"":""exact""},""replay_order"":""not_applicable"",""sample_rank"":0}"
boundary_offset_015_491c74f3e8,boundary_offset,15,boundary_offsets,"{""offsets"":{""observation_goal_end"":-1}}",1,1,1,0,9216,756,2304,0,69,0,0,0,"{""agent"":""reference"",""difference"":{""observed_length"":3,""observed_step"":[[2,0,0,0],""brake"",""overshoot""],""oracle_length"":3,""oracle_step"":[[2,0,1,0],""brake"",""overshoot""],""step_index"":2},""family"":""boundary_offset"",""kernel"":{""brake_force"":1,""friction"":0,""goal_end"":5,""goal_start"":4,""horizon"":8,""name"":""brake_0000"",""start_position"":0,""start_speed"":3},""kind"":""randomized_mutation_trace"",""mutant_signature_mask"":42,""mutation_id"":""boundary_offset_015_491c74f3e8"",""observed_trace_sha256"":""92adfa4638cd93ada0f819d0121e84a1d3b945e9d3921c94e04b9b57463039fd"",""operator"":""boundary_offsets"",""oracle_signature_mask"":42,""oracle_trace_sha256"":""9f9c2ae8a8d990ef3b4923626cdb1415dad2a614e8dadb3aa8931dedb72bee38"",""parameters"":{""offsets"":{""observation_goal_end"":-1}},""presentation"":{""delay"":0,""distance_mode"":""exact"",""name"":""view_00_exact_exact_d0"",""speed_mode"":""exact""},""replay_order"":""not_applicable"",""sample_rank"":0}"
boundary_offset_016_945ef0b6c6,boundary_offset,16,boundary_offsets,"{""offsets"":{""terminal_goal_end"":-1,""terminal_goal_start"":-1}}",1,1,1,0,9216,1186,2304,0,60,0,0,0,"{""agent"":""reference"",""difference"":{""observed_length"":3,""observed_step"":[[1,0,0,0],""brake"",""win""],""oracle_length"":3,""oracle_step"":[[1,0,0,0],""brake"",""stopped""],""step_index"":2},""family"":""boundary_offset"",""kernel"":{""brake_force"":1,""friction"":0,""goal_end"":5,""goal_start"":4,""horizon"":8,""name"":""brake_0000"",""start_position"":0,""start_speed"":3},""kind"":""randomized_mutation_trace"",""mutant_signature_mask"":42,""mutation_id"":""boundary_offset_016_945ef0b6c6"",""observed_trace_sha256"":""389f2fd39c00e13de8dc96aa87c8f189fc99679fa2945c3360702dc1ba7d230e"",""operator"":""boundary_offsets"",""oracle_signature_mask"":42,""oracle_trace_sha256"":""134fc2a2048b0ed859431823fbdee03307851d1f8288fbc91440d5d15255834b"",""parameters"":{""offsets"":{""terminal_goal_end"":-1,""terminal_goal_start"":-1}},""presentation"":{""delay"":0,""distance_mode"":""coarse"",""name"":""view_02_exact_coarse_d0"",""speed_mode"":""exact""},""replay_order"":""not_applicable"",""sample_rank"":0}"
boundary_offset_017_c3e07b56ad,boundary_offset,17,boundary_offsets,"{""offsets"":{""terminal_goal_end"":1}}",0,0,0,0,9216,0,2304,0,0,0,0,0,null
boundary_offset_018_fe5dfe6610,boundary_offset,18,boundary_offsets,"{""offsets"":{""observation_distance_goal_start"":1,""terminal_overshoot_end"":1}}",1,1,1,1,9216,5227,2304,390,128,0,0,0,"{""agent"":""reference"",""difference"":{""observed_length"":4,""observed_step"":[[3,5,0,0],""coast"",""running""],""oracle_length"":3,""oracle_step"":[[3,4,0,0],""coast"",""running""],""step_index"":0},""family"":""boundary_offset"",""kernel"":{""brake_force"":1,""friction"":0,""goal_end"":5,""goal_start"":4,""horizon"":8,""name"":""brake_0000"",""start_position"":0,""start_speed"":3},""kind"":""randomized_mutation_trace"",""mutant_signature_mask"":42,""mutation_id"":""boundary_offset_018_fe5dfe6610"",""observed_trace_sha256"":""7812ded561a5c26afbcc99579b25fc687956454dfad483db94c142965e5d37eb"",""operator"":""boundary_offsets"",""oracle_signature_mask"":42,""oracle_trace_sha256"":""9f9c2ae8a8d990ef3b4923626cdb1415dad2a614e8dadb3aa8931dedb72bee38"",""parameters"":{""offsets"":{""observation_distance_goal_start"":1,""terminal_overshoot_end"":1}},""presentation"":{""delay"":0,""distance_mode"":""exact"",""name"":""view_00_exact_exact_d0"",""speed_mode"":""exact""},""replay_order"":""not_applicable"",""sample_rank"":0}"
boundary_offset_019_91c9e1c996,boundary_offset,19,boundary_offsets,"{""offsets"":{""observation_distance_goal_start"":-1}}",1,1,1,1,9216,4766,2304,292,128,0,0,0,"{""agent"":""reference"",""difference"":{""observed_length"":3,""observed_step"":[[3,3,0,0],""brake"",""running""],""oracle_length"":3,""oracle_step"":[[3,4,0,0],""coast"",""running""],""step_index"":0},""family"":""boundary_offset"",""kernel"":{""brake_force"":1,""friction"":0,""goal_end"":5,""goal_start"":4,""horizon"":8,""name"":""brake_0000"",""start_position"":0,""start_speed"":3},""kind"":""randomized_mutation_trace"",""mutant_signature_mask"":42,""mutation_id"":""boundary_offset_019_91c9e1c996"",""observed_trace_sha256"":""7a2241b2f822b5450db11fd203f3becc9cac9df5ec00a29bfb8dcea600f16e40"",""operator"":""boundary_offsets"",""oracle_signature_mask"":42,""oracle_trace_sha256"":""9f9c2ae8a8d990ef3b4923626cdb1415dad2a614e8dadb3aa8931dedb72bee38"",""parameters"":{""offsets"":{""observation_distance_goal_start"":-1}},""presentation"":{""delay"":0,""distance_mode"":""exact"",""name"":""view_00_exact_exact_d0"",""speed_mode"":""exact""},""replay_order"":""not_applicable"",""sample_rank"":0}"
cache_key_projection_000_a24d459ce7,cache_key_projection,0,delete_fields,"{""deleted_fields"":[""state.step"",""memory.believed_speed"",""observation.status""],""kept_fields"":[""state.position"",""state.speed"",""state.used_brake"",""memory.believed_distance"",""memory.previous_action"",""observation.speed"",""observation.distance"",""observation.within_goal""]}",0,0,0,0,18432,0,4608,0,0,27968,49872,0,null
cache_key_projection_001_158edaa82d,cache_key_projection,1,project_keep_fields,"{""deleted_fields"":[""state.speed"",""state.step"",""memory.believed_speed"",""memory.believed_distance"",""memory.previous_action"",""observation.speed"",""observation.distance""],""kept_fields"":[""state.position"",""state.used_brake"",""observation.within_goal"",""observation.status""]}",1,1,1,1,18432,7771,4608,2034,128,77175,5112,0,"{""agent"":""reference"",""difference"":{""observed_length"":3,""observed_step"":[[3,4,0,0],""brake"",""running""],""oracle_length"":2,""oracle_step"":[[3,4,0,0],""coast"",""overshoot""],""step_index"":1},""family"":""cache_key_projection"",""kernel"":{""brake_force"":1,""friction"":0,""goal_end"":5,""goal_start"":4,""horizon"":8,""name"":""brake_0000"",""start_position"":0,""start_speed"":3},""kind"":""randomized_mutation_trace"",""mutant_signature_mask"":42,""mutation_id"":""cache_key_projection_001_158edaa82d"",""observed_trace_sha256"":""5c7f640cd63e08d673adba5cf98fe07ab2e8c7de32fb80beabec9a4f3dc560fb"",""operator"":""project_keep_fields"",""oracle_signature_mask"":42,""oracle_trace_sha256"":""2c4649dc952678fc8e14118b59d4cfcb2ed3a4e5f42cc58eaaf1e9b6f2b73887"",""parameters"":{""deleted_fields"":[""state.speed"",""state.step"",""memory.believed_speed"",""memory.believed_distance"",""memory.previous_action"",""observation.speed"",""observation.distance""],""kept_fields"":[""state.position"",""state.used_brake"",""observation.within_goal"",""observation.status""]},""presentation"":{""delay"":1,""distance_mode"":""exact"",""name"":""view_01_exact_exact_d1"",""speed_mode"":""exact""},""replay_order"":""canonical"",""sample_rank"":0}"
cache_key_projection_002_cdd6ddf020,cache_key_projection,2,delete_fields,"{""deleted_fields"":[""state.speed"",""state.step"",""observation.distance"",""observation.within_goal""],""kept_fields"":[""state.position"",""state.used_brake"",""memory.believed_speed"",""memory.believed_distance"",""memory.previous_action"",""observation.speed"",""observation.status""]}",1,1,1,1,18432,5044,4608,1535,128,63779,14917,0,"{""agent"":""reference"",""difference"":{""observed_length"":3,""observed_step"":[[3,4,0,0],""brake"",""running""],""oracle_length"":2,""oracle_step"":[[3,4,0,0],""coast"",""overshoot""],""step_index"":1},""family"":""cache_key_projection"",""kernel"":{""brake_force"":1,""friction"":0,""goal_end"":5,""goal_start"":4,""horizon"":8,""name"":""brake_0000"",""start_position"":0,""start_speed"":3},""kind"":""randomized_mutation_trace"",""mutant_signature_mask"":42,""mutation_id"":""cache_key_projection_002_cdd6ddf020"",""observed_trace_sha256"":""5c7f640cd63e08d673adba5cf98fe07ab2e8c7de32fb80beabec9a4f3dc560fb"",""operator"":""delete_fields"",""oracle_signature_mask"":42,""oracle_trace_sha256"":""2c4649dc952678fc8e14118b59d4cfcb2ed3a4e5f42cc58eaaf1e9b6f2b73887"",""parameters"":{""deleted_fields"":[""state.speed"",""state.step"",""observation.distance"",""observation.within_goal""],""kept_fields"":[""state.position"",""state.used_brake"",""memory.believed_speed"",""memory.believed_distance"",""memory.previous_action"",""observation.speed"",""observation.status""]},""presentation"":{""delay"":1,""distance_mode"":""exact"",""name"":""view_01_exact_exact_d1"",""speed_mode"":""exact""},""replay_order"":""canonical"",""sample_rank"":0}"
cache_key_projection_003_a62a93d8e3,cache_key_projection,3,project_keep_fields,"{""deleted_fields"":[""memory.previous_action"",""observation.speed"",""observation.within_goal"",""observation.status""],""kept_fields"":[""state.position"",""state.speed"",""state.step"",""state.used_brake"",""memory.believed_speed"",""memory.believed_distance"",""observation.distance""]}",1,1,1,1,18432,3974,4608,1150,119,60589,18650,0,"{""agent"":""speed_only"",""difference"":{""observed_length"":3,""observed_step"":[[3,-1,0,0],""coast"",""running""],""oracle_length"":5,""oracle_step"":[[3,-1,0,0],""brake"",""running""],""step_index"":1},""family"":""cache_key_projection"",""kernel"":{""brake_force"":1,""friction"":0,""goal_end"":5,""goal_start"":4,""horizon"":8,""name"":""brake_0000"",""start_position"":0,""start_speed"":3},""kind"":""randomized_mutation_trace"",""mutant_signature_mask"":59,""mutation_id"":""cache_key_projection_003_a62a93d8e3"",""observed_trace_sha256"":""9170eb52c91f16f1c230038c071ddf8424ede675fd662631d9fa7fdf858847cf"",""operator"":""project_keep_fields"",""oracle_signature_mask"":59,""oracle_trace_sha256"":""d42607ffabd3d5b1591355898aec1c7aa9227532229105eea94f247e422b7142"",""parameters"":{""deleted_fields"":[""memory.previous_action"",""observation.speed"",""observation.within_goal"",""observation.status""],""kept_fields"":[""state.position"",""state.speed"",""state.step"",""state.used_brake"",""memory.believed_speed"",""memory.believed_distance"",""observation.distance""]},""presentation"":{""delay"":1,""distance_mode"":""hidden"",""name"":""view_05_exact_hidden_d1"",""speed_mode"":""exact""},""replay_order"":""canonical"",""sample_rank"":0}"
cache_key_projection_004_00bf2a94e5,cache_key_projection,4,delete_fields,"{""deleted_fields"":[""state.used_brake"",""memory.believed_distance"",""observation.distance"",""observation.within_goal""],""kept_fields"":[""state.position"",""state.speed"",""state.step"",""memory.believed_speed"",""memory.previous_action"",""observation.speed"",""observation.status""]}",1,1,1,1,18432,5092,4608,1535,128,64043,14701,0,"{""agent"":""reference"",""difference"":{""observed_length"":3,""observed_step"":[[3,4,0,0],""brake"",""running""],""oracle_length"":2,""oracle_step"":[[3,4,0,0],""coast"",""overshoot""],""step_index"":1},""family"":""cache_key_projection"",""kernel"":{""brake_force"":1,""friction"":0,""goal_end"":5,""goal_start"":4,""horizon"":8,""name"":""brake_0000"",""start_position"":0,""start_speed"":3},""kind"":""randomized_mutation_trace"",""mutant_signature_mask"":42,""mutation_id"":""cache_key_projection_004_00bf2a94e5"",""observed_trace_sha256"":""5c7f640cd63e08d673adba5cf98fe07ab2e8c7de32fb80beabec9a4f3dc560fb"",""operator"":""delete_fields"",""oracle_signature_mask"":42,""oracle_trace_sha256"":""2c4649dc952678fc8e14118b59d4cfcb2ed3a4e5f42cc58eaaf1e9b6f2b73887"",""parameters"":{""deleted_fields"":[""state.used_brake"",""memory.believed_distance"",""observation.distance"",""observation.within_goal""],""kept_fields"":[""state.position"",""state.speed"",""state.step"",""memory.believed_speed"",""memory.previous_action"",""observation.speed"",""observation.status""]},""presentation"":{""delay"":1,""distance_mode"":""exact"",""name"":""view_01_exact_exact_d1"",""speed_mode"":""exact""},""replay_order"":""canonical"",""sample_rank"":0}"
cache_key_projection_005_bcf5e9ed85,cache_key_projection,5,project_keep_fields,"{""deleted_fields"":[""state.speed"",""state.used_brake"",""memory.believed_speed"",""memory.believed_distance"",""memory.previous_action"",""observation.speed"",""observation.within_goal""],""kept_fields"":[""state.position"",""state.step"",""observation.distance"",""observation.status""]}",1,1,1,1,18432,3995,4608,1174,119,62446,16919,0,"{""agent"":""speed_only"",""difference"":{""observed_length"":3,""observed_step"":[[3,-1,0,0],""coast"",""running""],""oracle_length"":5,""oracle_step"":[[3,-1,0,0],""brake"",""running""],""step_index"":1},""family"":""cache_key_projection"",""kernel"":{""brake_force"":1,""friction"":0,""goal_end"":5,""goal_start"":4,""horizon"":8,""name"":""brake_0000"",""start_position"":0,""start_speed"":3},""kind"":""randomized_mutation_trace"",""mutant_signature_mask"":59,""mutation_id"":""cache_key_projection_005_bcf5e9ed85"",""observed_trace_sha256"":""9170eb52c91f16f1c230038c071ddf8424ede675fd662631d9fa7fdf858847cf"",""operator"":""project_keep_fields"",""oracle_signature_mask"":59,""oracle_trace_sha256"":""d42607ffabd3d5b1591355898aec1c7aa9227532229105eea94f247e422b7142"",""parameters"":{""deleted_fields"":[""state.speed"",""state.used_brake"",""memory.believed_speed"",""memory.believed_distance"",""memory.previous_action"",""observation.speed"",""observation.within_goal""],""kept_fields"":[""state.position"",""state.step"",""observation.distance"",""observation.status""]},""presentation"":{""delay"":1,""distance_mode"":""hidden"",""name"":""view_05_exact_hidden_d1"",""speed_mode"":""exact""},""replay_order"":""canonical"",""sample_rank"":0}"
cache_key_projection_006_9bb6e35fa9,cache_key_projection,6,delete_fields,"{""deleted_fields"":[""observation.status""],""kept_fields"":[""state.position"",""state.speed"",""state.step"",""state.used_brake"",""memory.believed_speed"",""memory.believed_distance"",""memory.previous_action"",""observation.speed"",""observation.distance"",""observation.within_goal""]}",0,0,0,0,18432,0,4608,0,0,27878,49962,0,null
cache_key_projection_007_77d88d6059,cache_key_projection,7,project_keep_fields,"{""deleted_fields"":[""state.position"",""state.speed"",""state.used_brake"",""memory.believed_distance""],""kept_fields"":[""state.step"",""memory.believed_speed"",""memory.previous_action"",""observation.speed"",""observation.distance"",""observation.within_goal"",""observation.status""]}",1,1,1,1,18432,69,4608,6,16,32174,45687,0,"{""agent"":""speed_only"",""difference"":{""observed_length"":8,""observed_step"":[[2,-1,0,0],""coast"",""running""],""oracle_length"":7,""oracle_step"":[[2,-1,1,0],""coast"",""overshoot""],""step_index"":6},""family"":""cache_key_projection"",""kernel"":{""brake_force"":1,""friction"":0,""goal_end"":22,""goal_start"":20,""horizon"":8,""name"":""brake_10413"",""start_position"":0,""start_speed"":6},""kind"":""randomized_mutation_trace"",""mutant_signature_mask"":59,""mutation_id"":""cache_key_projection_007_77d88d6059"",""observed_trace_sha256"":""54f669073e78b2262c7426aeb22c584a69328af7a4fea9592ca782f06e11ae96"",""operator"":""project_keep_fields"",""oracle_signature_mask"":59,""oracle_trace_sha256"":""64e53264b542395447d8b9a1a7a349bf67f8264b71b9804a3987500490f55e9a"",""parameters"":{""deleted_fields"":[""state.position"",""state.speed"",""state.used_brake"",""memory.believed_distance""],""kept_fields"":[""state.step"",""memory.believed_speed"",""memory.previous_action"",""observation.speed"",""observation.distance"",""observation.within_goal"",""observation.status""]},""presentation"":{""delay"":0,""distance_mode"":""hidden"",""name"":""view_10_coarse_hidden_d0"",""speed_mode"":""coarse""},""replay_order"":""canonical"",""sample_rank"":34}"
cache_key_projection_008_f417edfc05,cache_key_projection,8,delete_fields,"{""deleted_fields"":[""state.position"",""state.step"",""memory.believed_speed"",""observation.status""],""kept_fields"":[""state.speed"",""state.used_brake"",""memory.believed_distance"",""memory.previous_action"",""observation.speed"",""observation.distance"",""observation.within_goal""]}",1,1,1,1,18432,2043,4608,260,45,42612,46525,585,"{""agent"":""instant_stop"",""difference"":{""observed_length"":4,""observed_step"":[[3,4,0,0],""coast"",""running""],""oracle_length"":2,""oracle_step"":[[3,4,0,0],""coast"",""overshoot""],""step_index"":1},""family"":""cache_key_projection"",""kernel"":{""brake_force"":1,""friction"":0,""goal_end"":5,""goal_start"":4,""horizon"":8,""name"":""brake_0000"",""start_position"":0,""start_speed"":3},""kind"":""randomized_mutation_trace"",""mutant_signature_mask"":59,""mutation_id"":""cache_key_projection_008_f417edfc05"",""observed_trace_sha256"":""0f2045c69cd38eb7daa2374b55889ccfefaeea9466645696dffbd1e61cd435e3"",""operator"":""delete_fields"",""oracle_signature_mask"":42,""oracle_trace_sha256"":""2c4649dc952678fc8e14118b59d4cfcb2ed3a4e5f42cc58eaaf1e9b6f2b73887"",""parameters"":{""deleted_fields"":[""state.position"",""state.step"",""memory.believed_speed"",""observation.status""],""kept_fields"":[""state.speed"",""state.used_brake"",""memory.believed_distance"",""memory.previous_action"",""observation.speed"",""observation.distance"",""observation.within_goal""]},""presentation"":{""delay"":1,""distance_mode"":""exact"",""name"":""view_01_exact_exact_d1"",""speed_mode"":""exact""},""replay_order"":""canonical"",""sample_rank"":0}"
cache_key_projection_009_5a23bdec96,cache_key_projection,9,project_keep_fields,"{""deleted_fields"":[""state.position"",""state.speed"",""state.step"",""state.used_brake"",""memory.believed_speed"",""memory.believed_distance"",""memory.previous_action"",""observation.distance"",""observation.status""],""kept_fields"":[""observation.speed"",""observation.within_goal""]}",1,1,1,1,18432,14737,4608,2619,128,243931,5006,8823,"{""agent"":""reference"",""difference"":{""observed_length"":21,""observed_step"":[[3,1,0,0],""coast"",""running""],""oracle_length"":3,""oracle_step"":[[3,1,0,0],""brake"",""running""],""step_index"":1},""family"":""cache_key_projection"",""kernel"":{""brake_force"":1,""friction"":0,""goal_end"":5,""goal_start"":4,""horizon"":8,""name"":""brake_0000"",""start_position"":0,""start_speed"":3},""kind"":""randomized_mutation_trace"",""mutant_signature_mask"":42,""mutation_id"":""cache_key_projection_009_5a23bdec96"",""observed_trace_sha256"":""13977a888ad0a0dcd9523fb3ab4f339fedf5fcb13200b298d20d819e98570655"",""operator"":""project_keep_fields"",""oracle_signature_mask"":42,""oracle_trace_sha256"":""9f9c2ae8a8d990ef3b4923626cdb1415dad2a614e8dadb3aa8931dedb72bee38"",""parameters"":{""deleted_fields"":[""state.position"",""state.speed"",""state.step"",""state.used_brake"",""memory.believed_speed"",""memory.believed_distance"",""memory.previous_action"",""observation.distance"",""observation.status""],""kept_fields"":[""observation.speed"",""observation.within_goal""]},""presentation"":{""delay"":0,""distance_mode"":""exact"",""name"":""view_00_exact_exact_d0"",""speed_mode"":""exact""},""replay_order"":""canonical"",""sample_rank"":0}"
cache_key_projection_010_ea2fcc24e6,cache_key_projection,10,delete_fields,"{""deleted_fields"":[""observation.speed"",""observation.within_goal""],""kept_fields"":[""state.position"",""state.speed"",""state.step"",""state.used_brake"",""memory.believed_speed"",""memory.believed_distance"",""memory.previous_action"",""observation.distance"",""observation.status""]}",1,1,1,1,18432,3974,4608,1150,119,60589,18650,0,"{""agent"":""speed_only"",""difference"":{""observed_length"":3,""observed_step"":[[3,-1,0,0],""coast"",""running""],""oracle_length"":5,""oracle_step"":[[3,-1,0,0],""brake"",""running""],""step_index"":1},""family"":""cache_key_projection"",""kernel"":{""brake_force"":1,""friction"":0,""goal_end"":5,""goal_start"":4,""horizon"":8,""name"":""brake_0000"",""start_position"":0,""start_speed"":3},""kind"":""randomized_mutation_trace"",""mutant_signature_mask"":59,""mutation_id"":""cache_key_projection_010_ea2fcc24e6"",""observed_trace_sha256"":""9170eb52c91f16f1c230038c071ddf8424ede675fd662631d9fa7fdf858847cf"",""operator"":""delete_fields"",""oracle_signature_mask"":59,""oracle_trace_sha256"":""d42607ffabd3d5b1591355898aec1c7aa9227532229105eea94f247e422b7142"",""parameters"":{""deleted_fields"":[""observation.speed"",""observation.within_goal""],""kept_fields"":[""state.position"",""state.speed"",""state.step"",""state.used_brake"",""memory.believed_speed"",""memory.believed_distance"",""memory.previous_action"",""observation.distance"",""observation.status""]},""presentation"":{""delay"":1,""distance_mode"":""hidden"",""name"":""view_05_exact_hidden_d1"",""speed_mode"":""exact""},""replay_order"":""canonical"",""sample_rank"":0}"
cache_key_projection_011_4c82dd1136,cache_key_projection,11,project_keep_fields,"{""deleted_fields"":[""state.speed"",""state.step"",""state.used_brake"",""memory.believed_speed"",""memory.believed_distance"",""memory.previous_action""],""kept_fields"":[""state.position"",""observation.speed"",""observation.distance"",""observation.within_goal"",""observation.status""]}",1,1,1,1,18432,180,4608,44,37,33754,44115,0,"{""agent"":""speed_only"",""difference"":{""observed_length"":4,""observed_step"":[[2,0,0,0],""coast"",""running""],""oracle_length"":2,""oracle_step"":[[2,0,0,0],""coast"",""overshoot""],""step_index"":1},""family"":""cache_key_projection"",""kernel"":{""brake_force"":1,""friction"":0,""goal_end"":5,""goal_start"":4,""horizon"":8,""name"":""brake_0000"",""start_position"":0,""start_speed"":3},""kind"":""randomized_mutation_trace"",""mutant_signature_mask"":42,""mutation_id"":""cache_key_projection_011_4c82dd1136"",""observed_trace_sha256"":""c1b9583099ec604bcb6e67a9e7021e6550624c765ed230a67d4e70318f338ba2"",""operator"":""project_keep_fields"",""oracle_signature_mask"":42,""oracle_trace_sha256"":""f366221e53fc3b9b07171f561020c4da8ae85eded76be47b6056903178b4488d"",""parameters"":{""deleted_fields"":[""state.speed"",""state.step"",""state.used_brake"",""memory.believed_speed"",""memory.believed_distance"",""memory.previous_action""],""kept_fields"":[""state.position"",""observation.speed"",""observation.distance"",""observation.within_goal"",""observation.status""]},""presentation"":{""delay"":0,""distance_mode"":""coarse"",""name"":""view_08_coarse_coarse_d0"",""speed_mode"":""coarse""},""replay_order"":""canonical"",""sample_rank"":0}"
cache_key_projection_012_0639e12425,cache_key_projection,12,delete_fields,"{""deleted_fields"":[""state.position"",""state.speed"",""memory.previous_action"",""observation.within_goal""],""kept_fields"":[""state.step"",""state.used_brake"",""memory.believed_speed"",""memory.believed_distance"",""observation.speed"",""observation.distance"",""observation.status""]}",1,1,1,1,18432,118,4608,2,15,28765,49065,0,"{""agent"":""speed_only"",""difference"":{""observed_length"":3,""observed_step"":[[2,-1,0,0],""coast"",""overshoot""],""oracle_length"":5,""oracle_step"":[[2,-1,0,0],""coast"",""running""],""step_index"":2},""family"":""cache_key_projection"",""kernel"":{""brake_force"":1,""friction"":0,""goal_end"":5,""goal_start"":4,""horizon"":8,""name"":""brake_0000"",""start_position"":0,""start_speed"":3},""kind"":""randomized_mutation_trace"",""mutant_signature_mask"":59,""mutation_id"":""cache_key_projection_012_0639e12425"",""observed_trace_sha256"":""41f51769d4648acbb4f95c124953e3f7fb8cd41f2e3a770eb357b70f683ce15a"",""operator"":""delete_fields"",""oracle_signature_mask"":59,""oracle_trace_sha256"":""d42607ffabd3d5b1591355898aec1c7aa9227532229105eea94f247e422b7142"",""parameters"":{""deleted_fields"":[""state.position"",""state.speed"",""memory.previous_action"",""observation.within_goal""],""kept_fields"":[""state.step"",""state.used_brake"",""memory.believed_speed"",""memory.believed_distance"",""observation.speed"",""observation.distance"",""observation.status""]},""presentation"":{""delay"":1,""distance_mode"":""hidden"",""name"":""view_05_exact_hidden_d1"",""speed_mode"":""exact""},""replay_order"":""canonical"",""sample_rank"":0}"
cache_key_projection_013_7fdecb1e30,cache_key_projection,13,project_keep_fields,"{""deleted_fields"":[""state.used_brake"",""memory.believed_speed"",""observation.within_goal"",""observation.status""],""kept_fields"":[""state.position"",""state.speed"",""state.step"",""memory.believed_distance"",""memory.previous_action"",""observation.speed"",""observation.distance""]}",0,0,0,0,18432,0,4608,0,0,28664,49176,0,null
cache_key_projection_014_e9a96ac4dc,cache_key_projection,14,delete_fields,"{""deleted_fields"":[""state.position"",""state.step"",""observation.speed"",""observation.distance""],""kept_fields"":[""state.speed"",""state.used_brake"",""memory.believed_speed"",""memory.believed_distance"",""memory.previous_action"",""observation.within_goal"",""observation.status""]}",1,1,1,1,18432,8154,4608,2016,128,89712,5049,648,"{""agent"":""reference"",""difference"":{""observed_length"":3,""observed_step"":[[3,4,0,0],""brake"",""running""],""oracle_length"":2,""oracle_step"":[[3,4,0,0],""coast"",""overshoot""],""step_index"":1},""family"":""cache_key_projection"",""kernel"":{""brake_force"":1,""friction"":0,""goal_end"":5,""goal_start"":4,""horizon"":8,""name"":""brake_0000"",""start_position"":0,""start_speed"":3},""kind"":""randomized_mutation_trace"",""mutant_signature_mask"":42,""mutation_id"":""cache_key_projection_014_e9a96ac4dc"",""observed_trace_sha256"":""5c7f640cd63e08d673adba5cf98fe07ab2e8c7de32fb80beabec9a4f3dc560fb"",""operator"":""delete_fields"",""oracle_signature_mask"":42,""oracle_trace_sha256"":""2c4649dc952678fc8e14118b59d4cfcb2ed3a4e5f42cc58eaaf1e9b6f2b73887"",""parameters"":{""deleted_fields"":[""state.position"",""state.step"",""observation.speed"",""observation.distance""],""kept_fields"":[""state.speed"",""state.used_brake"",""memory.believed_speed"",""memory.believed_distance"",""memory.previous_action"",""observation.within_goal"",""observation.status""]},""presentation"":{""delay"":1,""distance_mode"":""exact"",""name"":""view_01_exact_exact_d1"",""speed_mode"":""exact""},""replay_order"":""canonical"",""sample_rank"":0}"
cache_key_projection_015_873a8d136b,cache_key_projection,15,project_keep_fields,"{""deleted_fields"":[""state.position"",""memory.believed_speed"",""memory.believed_distance"",""observation.speed"",""observation.status""],""kept_fields"":[""state.speed"",""state.step"",""state.used_brake"",""memory.previous_action"",""observation.distance"",""observation.within_goal""]}",1,1,1,1,18432,3995,4608,1174,119,61833,17532,0,"{""agent"":""speed_only"",""difference"":{""observed_length"":3,""observed_step"":[[3,-1,0,0],""coast"",""running""],""oracle_length"":5,""oracle_step"":[[3,-1,0,0],""brake"",""running""],""step_index"":1},""family"":""cache_key_projection"",""kernel"":{""brake_force"":1,""friction"":0,""goal_end"":5,""goal_start"":4,""horizon"":8,""name"":""brake_0000"",""start_position"":0,""start_speed"":3},""kind"":""randomized_mutation_trace"",""mutant_signature_mask"":59,""mutation_id"":""cache_key_projection_015_873a8d136b"",""observed_trace_sha256"":""9170eb52c91f16f1c230038c071ddf8424ede675fd662631d9fa7fdf858847cf"",""operator"":""project_keep_fields"",""oracle_signature_mask"":59,""oracle_trace_sha256"":""d42607ffabd3d5b1591355898aec1c7aa9227532229105eea94f247e422b7142"",""parameters"":{""deleted_fields"":[""state.position"",""memory.believed_speed"",""memory.believed_distance"",""observation.speed"",""observation.status""],""kept_fields"":[""state.speed"",""state.step"",""state.used_brake"",""memory.previous_action"",""observation.distance"",""observation.within_goal""]},""presentation"":{""delay"":1,""distance_mode"":""hidden"",""name"":""view_05_exact_hidden_d1"",""speed_mode"":""exact""},""replay_order"":""canonical"",""sample_rank"":0}"
cache_key_projection_016_3868450a85,cache_key_projection,16,delete_fields,"{""deleted_fields"":[""state.position"",""state.step"",""observation.status""],""kept_fields"":[""state.speed"",""state.used_brake"",""memory.believed_speed"",""memory.believed_distance"",""memory.previous_action"",""observation.speed"",""observation.distance"",""observation.within_goal""]}",1,1,1,1,18432,1872,4608,66,44,40341,47036,512,"{""agent"":""reference"",""difference"":{""observed_length"":4,""observed_step"":[[-1,0,0,0],""brake"",""running""],""oracle_length"":3,""oracle_step"":[[-1,0,0,0],""brake"",""overshoot""],""step_index"":2},""family"":""cache_key_projection"",""kernel"":{""brake_force"":1,""friction"":0,""goal_end"":5,""goal_start"":4,""horizon"":8,""name"":""brake_0000"",""start_position"":0,""start_speed"":3},""kind"":""randomized_mutation_trace"",""mutant_signature_mask"":59,""mutation_id"":""cache_key_projection_016_3868450a85"",""observed_trace_sha256"":""0bd26e9dfbbf96ea4e68b365107ffd32affe3ac8db347996f9c1c3d9be156143"",""operator"":""delete_fields"",""oracle_signature_mask"":59,""oracle_trace_sha256"":""d95f65a2149983c57e6167ce88b329c085dcb451075b10090d28a37e204cd238"",""parameters"":{""deleted_fields"":[""state.position"",""state.step"",""observation.status""],""kept_fields"":[""state.speed"",""state.used_brake"",""memory.believed_speed"",""memory.believed_distance"",""memory.previous_action"",""observation.speed"",""observation.distance"",""observation.within_goal""]},""presentation"":{""delay"":1,""distance_mode"":""coarse"",""name"":""view_15_hidden_coarse_d1"",""speed_mode"":""hidden""},""replay_order"":""canonical"",""sample_rank"":0}"
cache_key_projection_017_23a57c6443,cache_key_projection,17,project_keep_fields,"{""deleted_fields"":[""state.position"",""state.speed"",""memory.believed_speed"",""memory.previous_action"",""observation.speed"",""observation.distance"",""observation.within_goal""],""kept_fields"":[""state.step"",""state.used_brake"",""memory.believed_distance"",""observation.status""]}",1,1,1,1,18432,7898,4608,2034,128,77758,4574,0,"{""agent"":""reference"",""difference"":{""observed_length"":3,""observed_step"":[[3,4,0,0],""brake"",""running""],""oracle_length"":2,""oracle_step"":[[3,4,0,0],""coast"",""overshoot""],""step_index"":1},""family"":""cache_key_projection"",""kernel"":{""brake_force"":1,""friction"":0,""goal_end"":5,""goal_start"":4,""horizon"":8,""name"":""brake_0000"",""start_position"":0,""start_speed"":3},""kind"":""randomized_mutation_trace"",""mutant_signature_mask"":42,""mutation_id"":""cache_key_projection_017_23a57c6443"",""observed_trace_sha256"":""5c7f640cd63e08d673adba5cf98fe07ab2e8c7de32fb80beabec9a4f3dc560fb"",""operator"":""project_keep_fields"",""oracle_signature_mask"":42,""oracle_trace_sha256"":""2c4649dc952678fc8e14118b59d4cfcb2ed3a4e5f42cc58eaaf1e9b6f2b73887"",""parameters"":{""deleted_fields"":[""state.position"",""state.speed"",""memory.believed_speed"",""memory.previous_action"",""observation.speed"",""observation.distance"",""observation.within_goal""],""kept_fields"":[""state.step"",""state.used_brake"",""memory.believed_distance"",""observation.status""]},""presentation"":{""delay"":1,""distance_mode"":""exact"",""name"":""view_01_exact_exact_d1"",""speed_mode"":""exact""},""replay_order"":""canonical"",""sample_rank"":0}"
cache_key_projection_018_ada1244168,cache_key_projection,18,delete_fields,"{""deleted_fields"":[""state.step"",""state.used_brake"",""memory.believed_distance"",""observation.within_goal""],""kept_fields"":[""state.position"",""state.speed"",""memory.believed_speed"",""memory.previous_action"",""observation.speed"",""observation.distance"",""observation.status""]}",1,1,1,1,18432,4,4608,2,1,32820,45020,0,"{""agent"":""reference"",""difference"":{""observed_length"":5,""observed_step"":[[4,-1,0,0],""coast"",""overshoot""],""oracle_length"":5,""oracle_step"":[[4,-1,0,0],""brake"",""overshoot""],""step_index"":4},""family"":""cache_key_projection"",""kernel"":{""brake_force"":3,""friction"":0,""goal_end"":21,""goal_start"":18,""horizon"":10,""name"":""brake_9906"",""start_position"":0,""start_speed"":5},""kind"":""randomized_mutation_trace"",""mutant_signature_mask"":42,""mutation_id"":""cache_key_projection_018_ada1244168"",""observed_trace_sha256"":""eff1cbff020282b7c8a0e99d9e3eaa1eb5f35fc3c5f28778d8cc53d1cc3d96c3"",""operator"":""delete_fields"",""oracle_signature_mask"":59,""oracle_trace_sha256"":""3a01b87987175535af150947f9ef250e66840db62e60587ad1904e18634eaca5"",""parameters"":{""deleted_fields"":[""state.step"",""state.used_brake"",""memory.believed_distance"",""observation.within_goal""],""kept_fields"":[""state.position"",""state.speed"",""memory.believed_speed"",""memory.previous_action"",""observation.speed"",""observation.distance"",""observation.status""]},""presentation"":{""delay"":1,""distance_mode"":""hidden"",""name"":""view_11_coarse_hidden_d1"",""speed_mode"":""coarse""},""replay_order"":""canonical"",""sample_rank"":127}"
cache_key_projection_019_657d7ecd23,cache_key_projection,19,project_keep_fields,"{""deleted_fields"":[""state.position"",""state.step"",""memory.previous_action"",""observation.speed""],""kept_fields"":[""state.speed"",""state.used_brake"",""memory.believed_speed"",""memory.believed_distance"",""observation.distance"",""observation.within_goal"",""observation.status""]}",1,1,1,1,18432,5648,4608,1182,119,69956,17857,486,"{""agent"":""reference"",""difference"":{""observed_length"":4,""observed_step"":[[3,0,0,0],""brake"",""running""],""oracle_length"":3,""oracle_step"":[[3,0,0,0],""brake"",""overshoot""],""step_index"":2},""family"":""cache_key_projection"",""kernel"":{""brake_force"":1,""friction"":0,""goal_end"":5,""goal_start"":4,""horizon"":8,""name"":""brake_0000"",""start_position"":0,""start_speed"":3},""kind"":""randomized_mutation_trace"",""mutant_signature_mask"":42,""mutation_id"":""cache_key_projection_019_657d7ecd23"",""observed_trace_sha256"":""17c67a86050c81e0f0d1449f0bb87dafbd8bd2b2dfaa223689d22116a55c86a5"",""operator"":""project_keep_fields"",""oracle_signature_mask"":42,""oracle_trace_sha256"":""347bb649e55fa988d0bd4fb1dbe3ac7c77775b1c84e7f5135c07287a79fc478e"",""parameters"":{""deleted_fields"":[""state.position"",""state.step"",""memory.previous_action"",""observation.speed""],""kept_fields"":[""state.speed"",""state.used_brake"",""memory.believed_speed"",""memory.believed_distance"",""observation.distance"",""observation.within_goal"",""observation.status""]},""presentation"":{""delay"":1,""distance_mode"":""coarse"",""name"":""view_03_exact_coarse_d1"",""speed_mode"":""exact""},""replay_order"":""canonical"",""sample_rank"":0}"
